[{"model": "auth.user", "pk": 1, "fields": {"password": "pbkdf2_sha256$180000$BZDBE4K22PhE$aTN9avrqRP0cJI3bEansMNuIY5ZMIvXdqhdupVd9Le4=", "last_login": "2020-01-14T03:14:18.332Z", "is_superuser": true, "username": "luqman", "first_name": "Luqman", "last_name": "Shofuleji", "email": "luqmanshof@gmail.com", "is_staff": true, "is_active": true, "date_joined": "2019-09-19T04:14:39.417Z", "groups": [], "user_permissions": []}}, {"model": "auth.user", "pk": 6, "fields": {"password": "pbkdf2_sha256$150000$n3Z6YLhM5Ey9$8HunP52E99O3PAOCj6zRifp6Ui/GhBI2+7MVvVoyuIk=", "last_login": "2019-10-30T11:19:03Z", "is_superuser": true, "username": "Olawale", "first_name": "Olawale", "last_name": "Akanbi", "email": "waleakanbi85@gmail.com", "is_staff": true, "is_active": true, "date_joined": "2019-10-30T08:14:33Z", "groups": [], "user_permissions": []}}, {"model": "auth.user", "pk": 7, "fields": {"password": "pbkdf2_sha256$180000$FHhdGOZ0jOBB$J0NBTGTArcol8qQwiv66LcjFoFv2RNtaIsScsnv5G1g=", "last_login": "2020-01-14T03:09:56.238Z", "is_superuser": false, "username": "Guest", "first_name": "", "last_name": "", "email": "", "is_staff": false, "is_active": true, "date_joined": "2020-01-14T03:09:14.803Z", "groups": [], "user_permissions": []}}, {"model": "sessions.session", "pk": "1wv6ctkmc42vfnefnyni4s5txk42gne6", "fields": {"session_data": "YWRlZmMxN2Q0MzkxMmM0ZjkxZTI4NWM2ZGZiMzkyZjMzMTY1MGQ4YTp7Il9hdXRoX3VzZXJfaWQiOiIxIiwiX2F1dGhfdXNlcl9iYWNrZW5kIjoiZGphbmdvLmNvbnRyaWIuYXV0aC5iYWNrZW5kcy5Nb2RlbEJhY2tlbmQiLCJfYXV0aF91c2VyX2hhc2giOiIwZGExNGMxZTNmNmMzZTE4N2NlMmU4N2EyZDBjZTVkODExN2IzMDlkIn0=", "expire_date": "2019-12-01T20:00:38.294Z"}}, {"model": "sessions.session", "pk": "3fg7h9vjcnuixp1vk9ixhms2mp2gsme6", "fields": {"session_data": "NGNkNDQ3NDQ3MzgzOTg4MzUxNzFlMmJhNTE3NTQ2N2U1ZWU5ZTNjMTp7Il9hdXRoX3VzZXJfaWQiOiIxIiwiX2F1dGhfdXNlcl9iYWNrZW5kIjoiZGphbmdvLmNvbnRyaWIuYXV0aC5iYWNrZW5kcy5Nb2RlbEJhY2tlbmQiLCJfYXV0aF91c2VyX2hhc2giOiJjMTgwOWNjYzgzNzRkNGQ2ZjNkNmJlMjE1NmMyZmVmZThmMGE4NmVhIn0=", "expire_date": "2019-12-31T13:17:43.043Z"}}, {"model": "sessions.session", "pk": "4bk69e0qhqik3e1k9vur1d0rl8kp7dci", "fields": {"session_data": "NTQ4NWQyMjA0ZTZkMjY2OGVlYWQ5OTAxZmFmMzUyYTQ3YjczMGY1ZTp7Il9hdXRoX3VzZXJfaWQiOiIxIiwiX2F1dGhfdXNlcl9iYWNrZW5kIjoiZGphbmdvLmNvbnRyaWIuYXV0aC5iYWNrZW5kcy5Nb2RlbEJhY2tlbmQiLCJfYXV0aF91c2VyX2hhc2giOiJhYzMzODhlZjVmZWJiNDFhYWQ5OGE1YTMwYWIyYzFlZTU0YWU3ZjdkIn0=", "expire_date": "2019-10-07T20:47:57.363Z"}}, {"model": "sessions.session", "pk": "74lvq93jtblnv65czg46fudfbegfr0kg", "fields": {"session_data": "NGNkNDQ3NDQ3MzgzOTg4MzUxNzFlMmJhNTE3NTQ2N2U1ZWU5ZTNjMTp7Il9hdXRoX3VzZXJfaWQiOiIxIiwiX2F1dGhfdXNlcl9iYWNrZW5kIjoiZGphbmdvLmNvbnRyaWIuYXV0aC5iYWNrZW5kcy5Nb2RlbEJhY2tlbmQiLCJfYXV0aF91c2VyX2hhc2giOiJjMTgwOWNjYzgzNzRkNGQ2ZjNkNmJlMjE1NmMyZmVmZThmMGE4NmVhIn0=", "expire_date": "2020-01-02T09:40:47.104Z"}}, {"model": "sessions.session", "pk": "bbus6bgty4dj6dd5j0kg749s9lemv1nx", "fields": {"session_data": "YWRlZmMxN2Q0MzkxMmM0ZjkxZTI4NWM2ZGZiMzkyZjMzMTY1MGQ4YTp7Il9hdXRoX3VzZXJfaWQiOiIxIiwiX2F1dGhfdXNlcl9iYWNrZW5kIjoiZGphbmdvLmNvbnRyaWIuYXV0aC5iYWNrZW5kcy5Nb2RlbEJhY2tlbmQiLCJfYXV0aF91c2VyX2hhc2giOiIwZGExNGMxZTNmNmMzZTE4N2NlMmU4N2EyZDBjZTVkODExN2IzMDlkIn0=", "expire_date": "2019-11-10T16:40:11.021Z"}}, {"model": "sessions.session", "pk": "eqpo5q6lu4vz52fqukcux6j0sb1kdduh", "fields": {"session_data": "NGNkNDQ3NDQ3MzgzOTg4MzUxNzFlMmJhNTE3NTQ2N2U1ZWU5ZTNjMTp7Il9hdXRoX3VzZXJfaWQiOiIxIiwiX2F1dGhfdXNlcl9iYWNrZW5kIjoiZGphbmdvLmNvbnRyaWIuYXV0aC5iYWNrZW5kcy5Nb2RlbEJhY2tlbmQiLCJfYXV0aF91c2VyX2hhc2giOiJjMTgwOWNjYzgzNzRkNGQ2ZjNkNmJlMjE1NmMyZmVmZThmMGE4NmVhIn0=", "expire_date": "2020-01-28T03:14:18.335Z"}}, {"model": "sessions.session", "pk": "ha8naw5kga8aesjuw0bjnb5bw2qrok9m", "fields": {"session_data": "YWRlZmMxN2Q0MzkxMmM0ZjkxZTI4NWM2ZGZiMzkyZjMzMTY1MGQ4YTp7Il9hdXRoX3VzZXJfaWQiOiIxIiwiX2F1dGhfdXNlcl9iYWNrZW5kIjoiZGphbmdvLmNvbnRyaWIuYXV0aC5iYWNrZW5kcy5Nb2RlbEJhY2tlbmQiLCJfYXV0aF91c2VyX2hhc2giOiIwZGExNGMxZTNmNmMzZTE4N2NlMmU4N2EyZDBjZTVkODExN2IzMDlkIn0=", "expire_date": "2019-12-15T02:22:39.386Z"}}, {"model": "sessions.session", "pk": "kw3cg9wxy3tqmsuo17ael26l19yffpq6", "fields": {"session_data": "YWRlZmMxN2Q0MzkxMmM0ZjkxZTI4NWM2ZGZiMzkyZjMzMTY1MGQ4YTp7Il9hdXRoX3VzZXJfaWQiOiIxIiwiX2F1dGhfdXNlcl9iYWNrZW5kIjoiZGphbmdvLmNvbnRyaWIuYXV0aC5iYWNrZW5kcy5Nb2RlbEJhY2tlbmQiLCJfYXV0aF91c2VyX2hhc2giOiIwZGExNGMxZTNmNmMzZTE4N2NlMmU4N2EyZDBjZTVkODExN2IzMDlkIn0=", "expire_date": "2019-10-22T13:42:44.250Z"}}, {"model": "sessions.session", "pk": "kyazzufy5d3a9g344f5fzwazmphsba4s", "fields": {"session_data": "NTQ4NWQyMjA0ZTZkMjY2OGVlYWQ5OTAxZmFmMzUyYTQ3YjczMGY1ZTp7Il9hdXRoX3VzZXJfaWQiOiIxIiwiX2F1dGhfdXNlcl9iYWNrZW5kIjoiZGphbmdvLmNvbnRyaWIuYXV0aC5iYWNrZW5kcy5Nb2RlbEJhY2tlbmQiLCJfYXV0aF91c2VyX2hhc2giOiJhYzMzODhlZjVmZWJiNDFhYWQ5OGE1YTMwYWIyYzFlZTU0YWU3ZjdkIn0=", "expire_date": "2019-10-09T10:39:19.425Z"}}, {"model": "sessions.session", "pk": "lph5v6u4k2kzj7far6qjhistahuwreqj", "fields": {"session_data": "NTQ4NWQyMjA0ZTZkMjY2OGVlYWQ5OTAxZmFmMzUyYTQ3YjczMGY1ZTp7Il9hdXRoX3VzZXJfaWQiOiIxIiwiX2F1dGhfdXNlcl9iYWNrZW5kIjoiZGphbmdvLmNvbnRyaWIuYXV0aC5iYWNrZW5kcy5Nb2RlbEJhY2tlbmQiLCJfYXV0aF91c2VyX2hhc2giOiJhYzMzODhlZjVmZWJiNDFhYWQ5OGE1YTMwYWIyYzFlZTU0YWU3ZjdkIn0=", "expire_date": "2019-10-04T08:25:48.129Z"}}, {"model": "sessions.session", "pk": "lyfwuucw4oay41y86jfjrwxphk1ubjzx", "fields": {"session_data": "YWRlZmMxN2Q0MzkxMmM0ZjkxZTI4NWM2ZGZiMzkyZjMzMTY1MGQ4YTp7Il9hdXRoX3VzZXJfaWQiOiIxIiwiX2F1dGhfdXNlcl9iYWNrZW5kIjoiZGphbmdvLmNvbnRyaWIuYXV0aC5iYWNrZW5kcy5Nb2RlbEJhY2tlbmQiLCJfYXV0aF91c2VyX2hhc2giOiIwZGExNGMxZTNmNmMzZTE4N2NlMmU4N2EyZDBjZTVkODExN2IzMDlkIn0=", "expire_date": "2019-12-15T11:50:51.339Z"}}, {"model": "sessions.session", "pk": "sks6th6nfz8z37oi7dcyih9gf39qemgo", "fields": {"session_data": "YWRlZmMxN2Q0MzkxMmM0ZjkxZTI4NWM2ZGZiMzkyZjMzMTY1MGQ4YTp7Il9hdXRoX3VzZXJfaWQiOiIxIiwiX2F1dGhfdXNlcl9iYWNrZW5kIjoiZGphbmdvLmNvbnRyaWIuYXV0aC5iYWNrZW5kcy5Nb2RlbEJhY2tlbmQiLCJfYXV0aF91c2VyX2hhc2giOiIwZGExNGMxZTNmNmMzZTE4N2NlMmU4N2EyZDBjZTVkODExN2IzMDlkIn0=", "expire_date": "2019-11-15T05:59:18.582Z"}}, {"model": "sessions.session", "pk": "tpavo3mcg54fxomuokcvwu43h1zx63tt", "fields": {"session_data": "YWRlZmMxN2Q0MzkxMmM0ZjkxZTI4NWM2ZGZiMzkyZjMzMTY1MGQ4YTp7Il9hdXRoX3VzZXJfaWQiOiIxIiwiX2F1dGhfdXNlcl9iYWNrZW5kIjoiZGphbmdvLmNvbnRyaWIuYXV0aC5iYWNrZW5kcy5Nb2RlbEJhY2tlbmQiLCJfYXV0aF91c2VyX2hhc2giOiIwZGExNGMxZTNmNmMzZTE4N2NlMmU4N2EyZDBjZTVkODExN2IzMDlkIn0=", "expire_date": "2019-11-10T10:48:28.937Z"}}, {"model": "smartsetup.companyregistration", "pk": 1, "fields": {"name": "Local Government Staff Pension Board", "address": "Ikeja, Lagos, Nigeria", "phone": "080", "email": "sample@gmail.com", "website": "www.sample.com"}}, {"model": "smartsetup.userprofile", "pk": 1, "fields": {"user": 1, "job_description": "Software Engineer", "city": "Lagos", "website": "http://www.enthralsystems.com", "phone": "+2348024745040", "image": "images/profilepix/Luqman_vnuZzZj.jpg", "signature": "images/signature/Signature_Axzs3uZ.bmp", "date_modified": "2019-09-19T05:12:00.167Z"}}, {"model": "smartsetup.userprofile", "pk": 5, "fields": {"user": 6, "job_description": "Accountant", "city": "Lagos", "website": "https://www.google.com", "phone": "08012345678", "image": "images/profilepix/Olawale.jpg", "signature": "", "date_modified": "2019-10-30T08:16:52.144Z"}}, {"model": "smartsetup.employeeprofile", "pk": 1, "fields": {"employee_number": "EMP1001", "title": "Mr", "first_name": "Luqman", "middle_name": "Babatunde", "last_name": "Shofuleji", "nick_name": "Babs", "gender": "Male", "birthdate": "2019-11-27T20:41:19.027Z", "marital_status": "Married", "address": "No.15B, Akerele street, Oworonshoki, Lagos", "phone": "08024745040", "login_profile": 1, "email": "luqmanshof@gmail.com", "hire_date": "2019-11-27T20:41:19.027Z", "division": "Audit", "department": "Account", "position": "Staff"}}, {"model": "smartsetup.chartcategory", "pk": 1, "fields": {"category_code": 1000, "category_name": "Revenue"}}, {"model": "smartsetup.chartcategory", "pk": 2, "fields": {"category_code": 2000, "category_name": "Expenses"}}, {"model": "smartsetup.chartcategory", "pk": 3, "fields": {"category_code": 3000, "category_name": "Current Assets"}}, {"model": "smartsetup.chartcategory", "pk": 4, "fields": {"category_code": 4000, "category_name": "Non Current Assets"}}, {"model": "smartsetup.chartcategory", "pk": 5, "fields": {"category_code": 5000, "category_name": "Current Liabilities"}}, {"model": "smartsetup.chartcategory", "pk": 6, "fields": {"category_code": 6000, "category_name": "Non Current Liabilities"}}, {"model": "smartsetup.chartcategory", "pk": 7, "fields": {"category_code": 7000, "category_name": "Equity"}}, {"model": "smartsetup.chartsubcategory", "pk": 1, "fields": {"category_code": 1, "sub_category_code": 1013, "sub_category_name": "Property taxes revenue", "notes": 3}}, {"model": "smartsetup.chartsubcategory", "pk": 2, "fields": {"category_code": 1, "sub_category_code": 1002, "sub_category_name": "Public contributions and donations", "notes": 4}}, {"model": "smartsetup.chartsubcategory", "pk": 3, "fields": {"category_code": 1, "sub_category_code": 1003, "sub_category_name": "Fines, penalties and levies", "notes": 5}}, {"model": "smartsetup.chartsubcategory", "pk": 4, "fields": {"category_code": 1, "sub_category_code": 1004, "sub_category_name": "Licenses and permits", "notes": 8}}, {"model": "smartsetup.chartsubcategory", "pk": 5, "fields": {"category_code": 1, "sub_category_code": 1005, "sub_category_name": "Government grants / subsidies - gifts and services-in-kind", "notes": 6}}, {"model": "smartsetup.chartsubcategory", "pk": 6, "fields": {"category_code": 1, "sub_category_code": 1006, "sub_category_name": "Rendering of services", "notes": 7}}, {"model": "smartsetup.chartsubcategory", "pk": 7, "fields": {"category_code": 1, "sub_category_code": 1007, "sub_category_name": "Rental revenue from facilities and equipment", "notes": 9}}, {"model": "smartsetup.chartsubcategory", "pk": 8, "fields": {"category_code": 1, "sub_category_code": 1008, "sub_category_name": "Finance income - external investments", "notes": 10}}, {"model": "smartsetup.chartsubcategory", "pk": 9, "fields": {"category_code": 1, "sub_category_code": 1009, "sub_category_name": "Finance income - outstanding receivables", "notes": 11}}, {"model": "smartsetup.chartsubcategory", "pk": 10, "fields": {"category_code": 1, "sub_category_code": 1010, "sub_category_name": "Agency fees", "notes": 0}}, {"model": "smartsetup.chartsubcategory", "pk": 11, "fields": {"category_code": 1, "sub_category_code": 1011, "sub_category_name": "Other income", "notes": 12}}, {"model": "smartsetup.chartsubcategory", "pk": 12, "fields": {"category_code": 2, "sub_category_code": 2001, "sub_category_name": "Bulk purchases of water and electricity", "notes": 13}}, {"model": "smartsetup.chartsubcategory", "pk": 13, "fields": {"category_code": 2, "sub_category_code": 2002, "sub_category_name": "Employee costs", "notes": 14}}, {"model": "smartsetup.chartsubcategory", "pk": 14, "fields": {"category_code": 2, "sub_category_code": 2003, "sub_category_name": "Remuneration of councilors", "notes": 15}}, {"model": "smartsetup.chartsubcategory", "pk": 15, "fields": {"category_code": 2, "sub_category_code": 2004, "sub_category_name": "Depreciation and amortization expense", "notes": 16}}, {"model": "smartsetup.chartsubcategory", "pk": 16, "fields": {"category_code": 2, "sub_category_code": 2005, "sub_category_name": "Repairs and maintenance", "notes": 17}}, {"model": "smartsetup.chartsubcategory", "pk": 17, "fields": {"category_code": 2, "sub_category_code": 2006, "sub_category_name": "Contracted services", "notes": 18}}, {"model": "smartsetup.chartsubcategory", "pk": 18, "fields": {"category_code": 2, "sub_category_code": 2007, "sub_category_name": "Grants and subsidies", "notes": 19}}, {"model": "smartsetup.chartsubcategory", "pk": 19, "fields": {"category_code": 2, "sub_category_code": 2008, "sub_category_name": "General expenses", "notes": 20}}, {"model": "smartsetup.chartsubcategory", "pk": 20, "fields": {"category_code": 2, "sub_category_code": 2009, "sub_category_name": "Finance costs", "notes": 21}}, {"model": "smartsetup.chartsubcategory", "pk": 21, "fields": {"category_code": 3, "sub_category_code": 3001, "sub_category_name": "Cash and cash equivalents", "notes": 26}}, {"model": "smartsetup.chartsubcategory", "pk": 22, "fields": {"category_code": 3, "sub_category_code": 3002, "sub_category_name": "Receivables from exchange transactions", "notes": 27}}, {"model": "smartsetup.chartsubcategory", "pk": 23, "fields": {"category_code": 3, "sub_category_code": 3003, "sub_category_name": "Receivables from non-exchange transactions", "notes": 28}}, {"model": "smartsetup.chartsubcategory", "pk": 24, "fields": {"category_code": 3, "sub_category_code": 3004, "sub_category_name": "Inventories", "notes": 29}}, {"model": "smartsetup.chartsubcategory", "pk": 26, "fields": {"category_code": 4, "sub_category_code": 4001, "sub_category_name": "Property, plant and equipment", "notes": 31}}, {"model": "smartsetup.chartsubcategory", "pk": 27, "fields": {"category_code": 4, "sub_category_code": 4002, "sub_category_name": "Investments", "notes": 30}}, {"model": "smartsetup.chartsubcategory", "pk": 28, "fields": {"category_code": 4, "sub_category_code": 4003, "sub_category_name": "Intangible assets", "notes": 32}}, {"model": "smartsetup.chartsubcategory", "pk": 29, "fields": {"category_code": 4, "sub_category_code": 4004, "sub_category_name": "Investment property", "notes": 33}}, {"model": "smartsetup.chartsubcategory", "pk": 30, "fields": {"category_code": 4, "sub_category_code": 4005, "sub_category_name": "Long term receivables", "notes": 27}}, {"model": "smartsetup.chartsubcategory", "pk": 31, "fields": {"category_code": 5, "sub_category_code": 5001, "sub_category_name": "Trade and other payables", "notes": 34}}, {"model": "smartsetup.chartsubcategory", "pk": 32, "fields": {"category_code": 5, "sub_category_code": 5002, "sub_category_name": "Refundable deposits", "notes": 35}}, {"model": "smartsetup.chartsubcategory", "pk": 33, "fields": {"category_code": 5, "sub_category_code": 5003, "sub_category_name": "Provisions", "notes": 36}}, {"model": "smartsetup.chartsubcategory", "pk": 36, "fields": {"category_code": 5, "sub_category_code": 5006, "sub_category_name": "Deferred income", "notes": 37}}, {"model": "smartsetup.chartsubcategory", "pk": 37, "fields": {"category_code": 5, "sub_category_code": 5007, "sub_category_name": "Payments received in advance", "notes": 40}}, {"model": "smartsetup.chartsubcategory", "pk": 38, "fields": {"category_code": 6, "sub_category_code": 6001, "sub_category_name": "Long-term borrowings", "notes": 39}}, {"model": "smartsetup.chartsubcategory", "pk": 39, "fields": {"category_code": 6, "sub_category_code": 6002, "sub_category_name": "Long-term provisions", "notes": 42}}, {"model": "smartsetup.chartsubcategory", "pk": 40, "fields": {"category_code": 6, "sub_category_code": 6003, "sub_category_name": "Borrowings", "notes": 42}}, {"model": "smartsetup.chartsubcategory", "pk": 43, "fields": {"category_code": 1, "sub_category_code": 1001, "sub_category_name": "Refund", "notes": 1}}, {"model": "smartsetup.chartsubcategory", "pk": 45, "fields": {"category_code": 1, "sub_category_code": 1014, "sub_category_name": "Statutory Allocation", "notes": 0}}, {"model": "smartsetup.chartsubcategory", "pk": 46, "fields": {"category_code": 4, "sub_category_code": 4006, "sub_category_name": "Accumulated Depreciation", "notes": 1}}, {"model": "smartsetup.chartnoteitems", "pk": 18, "fields": {"sub_category": 3, "item_name": "Fines"}}, {"model": "smartsetup.chartnoteitems", "pk": 20, "fields": {"sub_category": 43, "item_name": "Bank"}}, {"model": "smartsetup.chartnoteitems", "pk": 21, "fields": {"sub_category": 43, "item_name": "Pensioner"}}, {"model": "smartsetup.chartnoteitems", "pk": 22, "fields": {"sub_category": 1, "item_name": "Residential"}}, {"model": "smartsetup.chartnoteitems", "pk": 23, "fields": {"sub_category": 1, "item_name": "Commercial"}}, {"model": "smartsetup.chartnoteitems", "pk": 24, "fields": {"sub_category": 1, "item_name": "State"}}, {"model": "smartsetup.chartnoteitems", "pk": 25, "fields": {"sub_category": 1, "item_name": "Municipal"}}, {"model": "smartsetup.chartnoteitems", "pk": 26, "fields": {"sub_category": 5, "item_name": "Unconditional grants"}}, {"model": "smartsetup.chartnoteitems", "pk": 27, "fields": {"sub_category": 5, "item_name": "Operational grant"}}, {"model": "smartsetup.chartnoteitems", "pk": 28, "fields": {"sub_category": 5, "item_name": "Conditional grants"}}, {"model": "smartsetup.chartnoteitems", "pk": 29, "fields": {"sub_category": 5, "item_name": "Infrastructure grant"}}, {"model": "smartsetup.chartnoteitems", "pk": 30, "fields": {"sub_category": 5, "item_name": "Social service grant"}}, {"model": "smartsetup.chartnoteitems", "pk": 31, "fields": {"sub_category": 5, "item_name": "Government grants - Capital"}}, {"model": "smartsetup.chartnoteitems", "pk": 32, "fields": {"sub_category": 5, "item_name": "Government grants - Operating"}}, {"model": "smartsetup.chartnoteitems", "pk": 33, "fields": {"sub_category": 7, "item_name": "Operating lease receipts"}}, {"model": "smartsetup.chartnoteitems", "pk": 34, "fields": {"sub_category": 7, "item_name": "Contingent rentals"}}, {"model": "smartsetup.chartnoteitems", "pk": 35, "fields": {"sub_category": 8, "item_name": "Cash investments and fixed deposits"}}, {"model": "smartsetup.chartnoteitems", "pk": 36, "fields": {"sub_category": 9, "item_name": "Service debtors"}}, {"model": "smartsetup.chartnoteitems", "pk": 37, "fields": {"sub_category": 11, "item_name": "Insurance recoveries"}}, {"model": "smartsetup.chartnoteitems", "pk": 38, "fields": {"sub_category": 21, "item_name": "Skye Bank Account - 1750034304"}}, {"model": "smartsetup.chartnoteitems", "pk": 39, "fields": {"sub_category": 21, "item_name": "Cash-on-hand"}}, {"model": "smartsetup.chartnoteitems", "pk": 40, "fields": {"sub_category": 21, "item_name": "Cash in transit"}}, {"model": "smartsetup.chartnoteitems", "pk": 42, "fields": {"sub_category": 13, "item_name": "Entertainment"}}, {"model": "smartsetup.chartnoteitems", "pk": 43, "fields": {"sub_category": 11, "item_name": "Bulk Infrastructure Levies"}}, {"model": "smartsetup.chartnoteitems", "pk": 44, "fields": {"sub_category": 11, "item_name": "Infrastructure improvement fee"}}, {"model": "smartsetup.chartnoteitems", "pk": 45, "fields": {"sub_category": 11, "item_name": "Other income"}}, {"model": "smartsetup.chartnoteitems", "pk": 46, "fields": {"sub_category": 11, "item_name": "Services concession income"}}, {"model": "smartsetup.chartnoteitems", "pk": 47, "fields": {"sub_category": 11, "item_name": "Skills development levy"}}, {"model": "smartsetup.chartnoteitems", "pk": 48, "fields": {"sub_category": 12, "item_name": "Electricity"}}, {"model": "smartsetup.chartnoteitems", "pk": 49, "fields": {"sub_category": 12, "item_name": "Water"}}, {"model": "smartsetup.chartnoteitems", "pk": 50, "fields": {"sub_category": 13, "item_name": "salaries and wages"}}, {"model": "smartsetup.chartnoteitems", "pk": 51, "fields": {"sub_category": 13, "item_name": "contributions to pensions and medical aids"}}, {"model": "smartsetup.chartnoteitems", "pk": 52, "fields": {"sub_category": 13, "item_name": "Travel Allowances - accommodation and others"}}, {"model": "smartsetup.chartnoteitems", "pk": 53, "fields": {"sub_category": 13, "item_name": "Housing benefits and allowances"}}, {"model": "smartsetup.chartnoteitems", "pk": 54, "fields": {"sub_category": 13, "item_name": "Overtime payments"}}, {"model": "smartsetup.chartnoteitems", "pk": 55, "fields": {"sub_category": 13, "item_name": "Performance and other bonuses"}}, {"model": "smartsetup.chartnoteitems", "pk": 56, "fields": {"sub_category": 13, "item_name": "Contribution - long service awards"}}, {"model": "smartsetup.chartnoteitems", "pk": 57, "fields": {"sub_category": 15, "item_name": "Plant/Machinery Expense"}}, {"model": "smartsetup.chartnoteitems", "pk": 60, "fields": {"sub_category": 16, "item_name": "Property"}}, {"model": "smartsetup.chartnoteitems", "pk": 61, "fields": {"sub_category": 16, "item_name": "Equipment"}}, {"model": "smartsetup.chartnoteitems", "pk": 62, "fields": {"sub_category": 16, "item_name": "Vehicles"}}, {"model": "smartsetup.chartnoteitems", "pk": 63, "fields": {"sub_category": 16, "item_name": "Other"}}, {"model": "smartsetup.chartnoteitems", "pk": 64, "fields": {"sub_category": 17, "item_name": "Actuarial valuations"}}, {"model": "smartsetup.chartnoteitems", "pk": 65, "fields": {"sub_category": 17, "item_name": "Investment valuations"}}, {"model": "smartsetup.chartnoteitems", "pk": 66, "fields": {"sub_category": 17, "item_name": "Property valuations"}}, {"model": "smartsetup.chartnoteitems", "pk": 67, "fields": {"sub_category": 18, "item_name": "Community development"}}, {"model": "smartsetup.chartnoteitems", "pk": 68, "fields": {"sub_category": 18, "item_name": "Education initiatives and programs"}}, {"model": "smartsetup.chartnoteitems", "pk": 69, "fields": {"sub_category": 18, "item_name": "Social development"}}, {"model": "smartsetup.chartnoteitems", "pk": 70, "fields": {"sub_category": 18, "item_name": "Community trust"}}, {"model": "smartsetup.chartnoteitems", "pk": 71, "fields": {"sub_category": 19, "item_name": "Advertising"}}, {"model": "smartsetup.chartnoteitems", "pk": 72, "fields": {"sub_category": 19, "item_name": "Admin fees"}}, {"model": "smartsetup.chartnoteitems", "pk": 73, "fields": {"sub_category": 19, "item_name": "Audit fees"}}, {"model": "smartsetup.chartnoteitems", "pk": 74, "fields": {"sub_category": 19, "item_name": "Conferences and delegations"}}, {"model": "smartsetup.chartnoteitems", "pk": 75, "fields": {"sub_category": 19, "item_name": "Consulting fees"}}, {"model": "smartsetup.chartnoteitems", "pk": 76, "fields": {"sub_category": 19, "item_name": "Consumables"}}, {"model": "smartsetup.chartnoteitems", "pk": 77, "fields": {"sub_category": 19, "item_name": "Electricity"}}, {"model": "smartsetup.chartnoteitems", "pk": 78, "fields": {"sub_category": 19, "item_name": "Fuel and Diesel"}}, {"model": "smartsetup.chartnoteitems", "pk": 79, "fields": {"sub_category": 19, "item_name": "Insurance"}}, {"model": "smartsetup.chartnoteitems", "pk": 80, "fields": {"sub_category": 19, "item_name": "Legal expenses"}}, {"model": "smartsetup.chartnoteitems", "pk": 81, "fields": {"sub_category": 19, "item_name": "Licenses and permits"}}, {"model": "smartsetup.chartnoteitems", "pk": 82, "fields": {"sub_category": 19, "item_name": "Postage"}}, {"model": "smartsetup.chartnoteitems", "pk": 83, "fields": {"sub_category": 19, "item_name": "Printing"}}, {"model": "smartsetup.chartnoteitems", "pk": 84, "fields": {"sub_category": 19, "item_name": "Hire charges"}}, {"model": "smartsetup.chartnoteitems", "pk": 85, "fields": {"sub_category": 19, "item_name": "Rental"}}, {"model": "smartsetup.chartnoteitems", "pk": 86, "fields": {"sub_category": 19, "item_name": "Security costs"}}, {"model": "smartsetup.chartnoteitems", "pk": 87, "fields": {"sub_category": 19, "item_name": "Skills development levies"}}, {"model": "smartsetup.chartnoteitems", "pk": 88, "fields": {"sub_category": 19, "item_name": "Telecommunication"}}, {"model": "smartsetup.chartnoteitems", "pk": 89, "fields": {"sub_category": 19, "item_name": "Training"}}, {"model": "smartsetup.chartnoteitems", "pk": 90, "fields": {"sub_category": 20, "item_name": "Borrowings (amortized cost)"}}, {"model": "smartsetup.chartnoteitems", "pk": 91, "fields": {"sub_category": 20, "item_name": "Finance leases (amortized cost)"}}, {"model": "smartsetup.chartnoteitems", "pk": 92, "fields": {"sub_category": 20, "item_name": "Bank overdrafts"}}, {"model": "smartsetup.chartnoteitems", "pk": 93, "fields": {"sub_category": 45, "item_name": "Statutory Allocation"}}, {"model": "smartsetup.chartnoteitems", "pk": 94, "fields": {"sub_category": 45, "item_name": "Joint account allocation committee"}}, {"model": "smartsetup.chartnoteitems", "pk": 96, "fields": {"sub_category": 27, "item_name": "Investments"}}, {"model": "smartsetup.chartnoteitems", "pk": 97, "fields": {"sub_category": 23, "item_name": "Property tax debtors"}}, {"model": "smartsetup.chartnoteitems", "pk": 98, "fields": {"sub_category": 23, "item_name": "Other debtors"}}, {"model": "smartsetup.chartnoteitems", "pk": 100, "fields": {"sub_category": 24, "item_name": "Consumable stores"}}, {"model": "smartsetup.chartnoteitems", "pk": 101, "fields": {"sub_category": 24, "item_name": "Non-Consumable stores"}}, {"model": "smartsetup.chartnoteitems", "pk": 102, "fields": {"sub_category": 24, "item_name": "Spare Parts"}}, {"model": "smartsetup.chartnoteitems", "pk": 103, "fields": {"sub_category": 24, "item_name": "Other goods"}}, {"model": "smartsetup.chartnoteitems", "pk": 104, "fields": {"sub_category": 19, "item_name": "Taxation Paid"}}, {"model": "smartsetup.chartnoteitems", "pk": 105, "fields": {"sub_category": 19, "item_name": "Other Payments"}}, {"model": "smartsetup.chartnoteitems", "pk": 106, "fields": {"sub_category": 26, "item_name": "Land and Buildings"}}, {"model": "smartsetup.chartnoteitems", "pk": 107, "fields": {"sub_category": 26, "item_name": "Motor Vehicle"}}, {"model": "smartsetup.chartnoteitems", "pk": 108, "fields": {"sub_category": 26, "item_name": "Furniture/Fixture"}}, {"model": "smartsetup.chartnoteitems", "pk": 110, "fields": {"sub_category": 26, "item_name": "Office Equipment"}}, {"model": "smartsetup.chartnoteitems", "pk": 111, "fields": {"sub_category": 46, "item_name": "Plant/Machinery Accum. Depreciation"}}, {"model": "smartsetup.chartnoteitems", "pk": 112, "fields": {"sub_category": 46, "item_name": "Office Equipment Accum. Depreciation"}}, {"model": "smartsetup.chartnoteitems", "pk": 113, "fields": {"sub_category": 46, "item_name": "Furniture/Fixture Accum. Depreciation"}}, {"model": "smartsetup.chartnoteitems", "pk": 114, "fields": {"sub_category": 46, "item_name": "Motor Vehicle Accum. Depreciation"}}, {"model": "smartsetup.chartnoteitems", "pk": 115, "fields": {"sub_category": 15, "item_name": "Furniture/Fixture Expense"}}, {"model": "smartsetup.chartnoteitems", "pk": 116, "fields": {"sub_category": 15, "item_name": "Office Equipment Expense"}}, {"model": "smartsetup.chartnoteitems", "pk": 117, "fields": {"sub_category": 15, "item_name": "Motor Vehicle Expense"}}, {"model": "smartsetup.chartnoteitems", "pk": 118, "fields": {"sub_category": 26, "item_name": "Plant/Machinery"}}, {"model": "smartsetup.chartnoteitems", "pk": 119, "fields": {"sub_category": 21, "item_name": "Skye Bank Account - 1750046178"}}, {"model": "smartsetup.chartnoteitems", "pk": 120, "fields": {"sub_category": 21, "item_name": "Skye Bank Account - 1750026727"}}, {"model": "smartsetup.chartnoteitems", "pk": 121, "fields": {"sub_category": 21, "item_name": "Skye Bank Account - Account 4"}}, {"model": "smartsetup.chartnoteitems", "pk": 122, "fields": {"sub_category": 19, "item_name": "Transport and Travelling"}}, {"model": "smartsetup.chartnoteitems", "pk": 123, "fields": {"sub_category": 19, "item_name": "Utility"}}, {"model": "smartsetup.chartnoteitems", "pk": 124, "fields": {"sub_category": 19, "item_name": "Stationery"}}, {"model": "smartsetup.chartnoteitems", "pk": 125, "fields": {"sub_category": 19, "item_name": "Motor Vehicle Repairs"}}, {"model": "smartsetup.chartnoteitems", "pk": 126, "fields": {"sub_category": 19, "item_name": "Bus Fueling"}}, {"model": "smartsetup.chartnoteitems", "pk": 127, "fields": {"sub_category": 19, "item_name": "Generator Fueling"}}, {"model": "smartsetup.chartnoteitems", "pk": 128, "fields": {"sub_category": 31, "item_name": "Trade Payables"}}, {"model": "smartsetup.chartnoteitems", "pk": 129, "fields": {"sub_category": 31, "item_name": "Payments received in advance"}}, {"model": "smartsetup.chartnoteitems", "pk": 130, "fields": {"sub_category": 31, "item_name": "Employee advances"}}, {"model": "smartsetup.chartnoteitems", "pk": 131, "fields": {"sub_category": 31, "item_name": "Third-party payments"}}, {"model": "smartsetup.chartnoteitems", "pk": 132, "fields": {"sub_category": 31, "item_name": "Other Payables"}}, {"model": "smartsetup.chartnoteitems", "pk": 133, "fields": {"sub_category": 32, "item_name": "Consumer deposits"}}, {"model": "smartsetup.chartnoteitems", "pk": 134, "fields": {"sub_category": 32, "item_name": "Other deposits"}}, {"model": "smartsetup.chartnoteitems", "pk": 135, "fields": {"sub_category": 33, "item_name": "Leave benefits"}}, {"model": "smartsetup.chartnoteitems", "pk": 136, "fields": {"sub_category": 36, "item_name": "State Government"}}, {"model": "smartsetup.chartnoteitems", "pk": 137, "fields": {"sub_category": 36, "item_name": "Public contributions and donations"}}, {"model": "smartsetup.setupbegbalancemain", "pk": 14, "fields": {"entrydate": "2019-01-01T19:20:14Z", "duration": "12", "periodno": 1, "periodstart": "2019-01-01T19:20:14Z", "periodend": "2019-12-31T19:20:14Z", "year": "Year 1"}}, {"model": "smartsetup.setupbegbalancedetails", "pk": 8, "fields": {"mainid": 14, "date": "2019-01-01T12:20:14Z", "account_id": 120, "sub_category": 21, "category": null, "description": "Opening Balance - Skye Bank Account - 1750026727", "debit": 2265249.0, "credit": 0.0}}, {"model": "smartsetup.setupbegbalancedetails", "pk": 9, "fields": {"mainid": 14, "date": "2019-01-01T08:20:14Z", "account_id": 119, "sub_category": 21, "category": null, "description": "Opening Balance - Skye Bank Account - 1750046178", "debit": 101835883.0, "credit": 0.0}}, {"model": "smartsetup.setupbegbalancedetails", "pk": 10, "fields": {"mainid": 14, "date": "2019-01-01T12:20:14Z", "account_id": 38, "sub_category": 21, "category": null, "description": "Opening Balance - Skye Bank Account - 1750034304", "debit": 1164387354.0, "credit": 0.0}}, {"model": "smartsetup.setupclients", "pk": 2, "fields": {"client_name": "Test Client", "address": "Ademola Awosanya Avenue", "city": "Lagos", "website": "https://www.google.com", "phone": "+2348024745040", "account_officer": 1, "email": ""}}, {"model": "smartsetup.setupclients", "pk": 4, "fields": {"client_name": "Test Client Three", "address": "12, sample street", "city": "Lagos", "website": "https://www.sample.com", "phone": "08024745040", "account_officer": 1, "email": ""}}, {"model": "smartsetup.setupvendors", "pk": 1, "fields": {"vendor_name": "Sample Vendor One", "address": "16, sample street, ikeja", "city": "Lagos", "website": "https://www.sample.com", "phone": "08033563848"}}, {"model": "smartsetup.setupvendors", "pk": 2, "fields": {"vendor_name": "Sample Vendor Two", "address": "Nill", "city": "Lagos", "website": "https://www.google.com", "phone": ""}}, {"model": "smartsetup.setupdivision", "pk": 1, "fields": {"division_name": "Finance", "description": ""}}, {"model": "smartsetup.setupdepartment", "pk": 1, "fields": {"department_name": "Account", "description": "", "division": 1}}, {"model": "smartsetup.setupdepartment", "pk": 2, "fields": {"department_name": "Audit", "description": "", "division": 1}}, {"model": "smartsetup.setupfixedassets", "pk": 1, "fields": {"asset_id": "COMP001", "serial_no": "S/N 5D67OOERKY23", "description": "HP Laptop Intel Corei7", "acquisition_date": "2019-12-29T15:00:00Z", "department": 1, "purchase_date": "2019-12-30T07:54:41Z", "purchase_value": 0.0, "useful_life": "20", "salvage_value": 0.0, "asset_account": 110, "expense_account": 116, "accumulated_account": 112, "depreciation_method": "Straight-line", "status": false, "others": null}}, {"model": "smartsetup.setupfixedassets", "pk": 2, "fields": {"asset_id": "COMP002", "serial_no": null, "description": "HP Lazerjet Printer", "acquisition_date": "2019-12-30T08:24:00Z", "department": 1, "purchase_date": "2019-12-30T07:54:41.193Z", "purchase_value": 0.0, "useful_life": null, "salvage_value": 0.0, "asset_account": 110, "expense_account": 116, "accumulated_account": 112, "depreciation_method": "Straight-line", "status": false, "others": null}}, {"model": "smartsetup.setupfixedassets", "pk": 3, "fields": {"asset_id": "MT001", "serial_no": null, "description": "Toyota Corolla 2012 Model", "acquisition_date": "2019-12-30T08:25:00Z", "department": 2, "purchase_date": "2019-12-30T07:54:41.193Z", "purchase_value": 0.0, "useful_life": null, "salvage_value": 0.0, "asset_account": 107, "expense_account": 117, "accumulated_account": 114, "depreciation_method": "Straight-line", "status": false, "others": null}}, {"model": "smartsetup.setupfixedassets", "pk": 4, "fields": {"asset_id": "COMP004", "serial_no": null, "description": "LG Laptop Intel pentium 4", "acquisition_date": "2019-12-30T11:10:00Z", "department": 1, "purchase_date": "2019-12-30T10:12:24.920Z", "purchase_value": 0.0, "useful_life": null, "salvage_value": 0.0, "asset_account": 110, "expense_account": 116, "accumulated_account": 112, "depreciation_method": "Straight-line", "status": false, "others": null}}, {"model": "smartsetup.setupinventorycategory", "pk": 2, "fields": {"inventory_category_code": 1000, "inventory_category_name": "Stationery", "description": ""}}, {"model": "smartsetup.setupinventorycategory", "pk": 4, "fields": {"inventory_category_code": 1001, "inventory_category_name": "Non-Stationery", "description": ""}}, {"model": "smartsetup.setupinventoryitems", "pk": 4, "fields": {"inventory_code": "ST0001", "inventory_name": "Pen (blue, red, black)", "description": "", "inventory_category_code": 2}}, {"model": "smartsetup.setupinventoryitems", "pk": 5, "fields": {"inventory_code": "ST0002", "inventory_name": "Flat File Jacket", "description": "", "inventory_category_code": 2}}, {"model": "smartsetup.setupinventoryitems", "pk": 6, "fields": {"inventory_code": "ST0003", "inventory_name": "Letter Headed Paper F4 size", "description": "", "inventory_category_code": 2}}, {"model": "smartsetup.setupinventoryitems", "pk": 7, "fields": {"inventory_code": "ST0004", "inventory_name": "A4 Printing Paper", "description": "", "inventory_category_code": 2}}, {"model": "smartsetup.setupinventoryitems", "pk": 8, "fields": {"inventory_code": "ST0005", "inventory_name": "85A", "description": "", "inventory_category_code": 2}}, {"model": "smartsetup.setupinventoryitems", "pk": 9, "fields": {"inventory_code": "ST0006", "inventory_name": "Staple Pin", "description": "", "inventory_category_code": 2}}, {"model": "smartsetup.setupinventoryitems", "pk": 10, "fields": {"inventory_code": "ST0007", "inventory_name": "stapler", "description": "", "inventory_category_code": 2}}, {"model": "smartsetup.setupinventoryitems", "pk": 11, "fields": {"inventory_code": "ST0008", "inventory_name": "Stamp Pad", "description": "", "inventory_category_code": 2}}, {"model": "smartsetup.setupinventoryitems", "pk": 12, "fields": {"inventory_code": "ST0009", "inventory_name": "Endorsement Ink", "description": "", "inventory_category_code": 2}}, {"model": "smartsetup.setupinventoryitems", "pk": 13, "fields": {"inventory_code": "ST0010", "inventory_name": "Foolscap Sheet", "description": "", "inventory_category_code": 2}}, {"model": "smartsetup.setupinventoryitems", "pk": 14, "fields": {"inventory_code": "ST0011", "inventory_name": "Permanent Marker", "description": "", "inventory_category_code": 2}}, {"model": "smartsetup.setupinventoryitems", "pk": 15, "fields": {"inventory_code": "ST0012", "inventory_name": "Brown Envelop", "description": "", "inventory_category_code": 2}}, {"model": "smartsetup.setupinventoryitems", "pk": 16, "fields": {"inventory_code": "ST0013", "inventory_name": "Pencil", "description": "", "inventory_category_code": 2}}, {"model": "smartsetup.setupinventoryitems", "pk": 17, "fields": {"inventory_code": "ST0014", "inventory_name": "Calculator", "description": "", "inventory_category_code": 2}}, {"model": "smartsetup.setupinventoryitems", "pk": 18, "fields": {"inventory_code": "ST0015", "inventory_name": "Rubber Band", "description": "", "inventory_category_code": 2}}, {"model": "smartsetup.setupinventoryitems", "pk": 19, "fields": {"inventory_code": "ST0016", "inventory_name": "Ruler", "description": "", "inventory_category_code": 2}}, {"model": "smartsetup.setupinventoryitems", "pk": 20, "fields": {"inventory_code": "ST0017", "inventory_name": "Bottle of gum", "description": "", "inventory_category_code": 2}}, {"model": "smartsetup.setupinventoryitems", "pk": 21, "fields": {"inventory_code": "ST0018", "inventory_name": "Office paper clip", "description": "", "inventory_category_code": 2}}, {"model": "smartsetup.setupinventoryitems", "pk": 22, "fields": {"inventory_code": "ST0019", "inventory_name": "Booklets of pensioners verification forms", "description": "", "inventory_category_code": 2}}, {"model": "smartsetup.setupinventoryitems", "pk": 23, "fields": {"inventory_code": "ST0020", "inventory_name": "White official envelop", "description": "", "inventory_category_code": 2}}, {"model": "smartsetup.setupinventoryitems", "pk": 24, "fields": {"inventory_code": "ST0021", "inventory_name": "Carbon paper (one side)", "description": "", "inventory_category_code": 2}}, {"model": "smartsetup.setupinventoryitems", "pk": 25, "fields": {"inventory_code": "ST0022", "inventory_name": "Brown envelop (medium)", "description": "", "inventory_category_code": 2}}, {"model": "smartsetup.setupinventoryitems", "pk": 26, "fields": {"inventory_code": "ST0023", "inventory_name": "File tags", "description": "", "inventory_category_code": 2}}, {"model": "smartsetup.setupinventoryitems", "pk": 27, "fields": {"inventory_code": "ST0024", "inventory_name": "Tippex correction fluid", "description": "", "inventory_category_code": 2}}, {"model": "smartsetup.setupinventoryitems", "pk": 28, "fields": {"inventory_code": "ST0025", "inventory_name": "Tick eraser", "description": "", "inventory_category_code": 2}}, {"model": "smartsetup.setupinventoryitems", "pk": 29, "fields": {"inventory_code": "ST0026", "inventory_name": "Cellotape", "description": "", "inventory_category_code": 2}}, {"model": "smartsetup.setupinventoryitems", "pk": 30, "fields": {"inventory_code": "ST0027", "inventory_name": "Carbon paper (two sides)", "description": "", "inventory_category_code": 2}}, {"model": "smartsetup.setupinventoryitems", "pk": 31, "fields": {"inventory_code": "ST0028", "inventory_name": "Perforator  (heavy duty punch)", "description": "", "inventory_category_code": 2}}, {"model": "smartsetup.setupinventoryitems", "pk": 32, "fields": {"inventory_code": "ST0029", "inventory_name": "Top Gum", "description": "", "inventory_category_code": 2}}, {"model": "smartsetup.setupinventoryitems", "pk": 33, "fields": {"inventory_code": "ST0030", "inventory_name": "83A", "description": "", "inventory_category_code": 2}}, {"model": "smartsetup.setupinventoryitems", "pk": 34, "fields": {"inventory_code": "ST0031", "inventory_name": "12A", "description": "", "inventory_category_code": 2}}, {"model": "smartsetup.setupinventoryitems", "pk": 35, "fields": {"inventory_code": "ST0032", "inventory_name": "35A", "description": "", "inventory_category_code": 2}}, {"model": "smartsetup.setupinventoryitems", "pk": 36, "fields": {"inventory_code": "ST0033", "inventory_name": "53A", "description": "", "inventory_category_code": 2}}, {"model": "smartsetup.setupinventoryitems", "pk": 37, "fields": {"inventory_code": "ST0034", "inventory_name": "Black ink sharp AR2025D", "description": "", "inventory_category_code": 2}}, {"model": "smartsetup.setupinventoryitems", "pk": 38, "fields": {"inventory_code": "ST0035", "inventory_name": "Black ink sharp AR-200", "description": "", "inventory_category_code": 2}}, {"model": "smartsetup.setupinventoryitems", "pk": 39, "fields": {"inventory_code": "ST0036", "inventory_name": "Long brown envelop (A4 size)", "description": "", "inventory_category_code": 2}}, {"model": "smartsetup.setupinventoryitems", "pk": 40, "fields": {"inventory_code": "ST0037", "inventory_name": "Hard cover note", "description": "", "inventory_category_code": 2}}, {"model": "smartsetup.setupinventoryitems", "pk": 41, "fields": {"inventory_code": "ST0038", "inventory_name": "Requisition booklet", "description": "", "inventory_category_code": 2}}, {"model": "smartsetup.setupinventoryitems", "pk": 42, "fields": {"inventory_code": "ST0039", "inventory_name": "Correction pen", "description": "", "inventory_category_code": 2}}, {"model": "smartsetup.generalledger", "pk": 1, "fields": {"date": "2019-11-25T16:36:27Z", "ref_number": 1028, "journal_type": "CRJ", "account_id": 39, "sub_category": 21, "category": null, "description": "Test Client Four", "debit": 0.0, "credit": 100500.0, "main_Trans": true}}, {"model": "smartsetup.generalledger", "pk": 7, "fields": {"date": "2019-11-25T09:11:18Z", "ref_number": 1028, "journal_type": "CRJ", "account_id": 21, "sub_category": 43, "category": null, "description": "New test record One", "debit": 15000.0, "credit": 0.0, "main_Trans": false}}, {"model": "smartsetup.generalledger", "pk": 8, "fields": {"date": "2019-11-25T09:16:15Z", "ref_number": 1028, "journal_type": "CRJ", "account_id": 23, "sub_category": 1, "category": null, "description": "New test record One", "debit": 35000.0, "credit": 0.0, "main_Trans": false}}, {"model": "smartsetup.generalledger", "pk": 9, "fields": {"date": "2019-11-25T10:18:35Z", "ref_number": 1028, "journal_type": "CRJ", "account_id": 33, "sub_category": 7, "category": null, "description": "Another New test record Two", "debit": 43000.0, "credit": 0.0, "main_Trans": false}}, {"model": "smartsetup.generalledger", "pk": 13, "fields": {"date": "2019-11-25T16:36:27Z", "ref_number": 1028, "journal_type": "CRJ", "account_id": 20, "sub_category": 43, "category": null, "description": "Final test record", "debit": 7500.0, "credit": 0.0, "main_Trans": false}}, {"model": "smartsetup.generalledger", "pk": 25, "fields": {"date": "2019-12-17T14:42:37Z", "ref_number": 1030, "journal_type": "CRJ", "account_id": 39, "sub_category": 21, "category": 3, "description": "Lagos state government", "debit": 15000.0, "credit": 0.0, "main_Trans": true}}, {"model": "smartsetup.generalledger", "pk": 36, "fields": {"date": "2019-12-04T19:29:56Z", "ref_number": 1033, "journal_type": "CRJ", "account_id": 98, "sub_category": 23, "category": 3, "description": "Money received from other debtors", "debit": 12000000.0, "credit": 0.0, "main_Trans": true}}, {"model": "smartsetup.generalledger", "pk": 37, "fields": {"date": "2019-12-04T19:29:56Z", "ref_number": 1033, "journal_type": "CRJ", "account_id": 45, "sub_category": 11, "category": 1, "description": "Transaction from other debtors", "debit": 0.0, "credit": 12000000.0, "main_Trans": false}}, {"model": "smartsetup.generalledger", "pk": 59, "fields": {"date": "2019-12-17T14:42:37Z", "ref_number": 1030, "journal_type": "CRJ", "account_id": 33, "sub_category": 7, "category": 1, "description": "Money received from operating lease receipt", "debit": 0.0, "credit": 15000.0, "main_Trans": false}}, {"model": "smartsetup.generalledger", "pk": 61, "fields": {"date": "2019-12-17T14:49:48Z", "ref_number": 1034, "journal_type": "CRJ", "account_id": 38, "sub_category": 21, "category": 3, "description": "Test receipt transaction", "debit": 330000.0, "credit": 0.0, "main_Trans": true}}, {"model": "smartsetup.generalledger", "pk": 62, "fields": {"date": "2019-12-17T14:49:48Z", "ref_number": 1034, "journal_type": "CRJ", "account_id": 21, "sub_category": 43, "category": 1, "description": "Monthly pension", "debit": 0.0, "credit": 330000.0, "main_Trans": false}}, {"model": "smartsetup.generalledger", "pk": 71, "fields": {"date": "2019-12-17T21:08:04Z", "ref_number": 1001, "journal_type": "CDJ", "account_id": 38, "sub_category": 21, "category": 3, "description": "General Expenditure", "debit": 0.0, "credit": 30000.0, "main_Trans": true}}, {"model": "smartsetup.generalledger", "pk": 72, "fields": {"date": "2019-12-17T21:08:04Z", "ref_number": 1001, "journal_type": "CDJ", "account_id": 74, "sub_category": 19, "category": 2, "description": "Entertainment of guest", "debit": 30000.0, "credit": 0.0, "main_Trans": false}}, {"model": "smartsetup.generalledger", "pk": 73, "fields": {"date": "2019-12-30T05:16:24Z", "ref_number": 1002, "journal_type": "CDJ", "account_id": 38, "sub_category": 21, "category": 3, "description": "Luqman Shofuleji", "debit": 0.0, "credit": 65000.0, "main_Trans": true}}, {"model": "smartsetup.generalledger", "pk": 74, "fields": {"date": "2019-12-30T05:16:24Z", "ref_number": 1002, "journal_type": "CDJ", "account_id": 75, "sub_category": 19, "category": 2, "description": "Being money paid for consultant services", "debit": 65000.0, "credit": 0.0, "main_Trans": false}}, {"model": "smartsetup.generalledger", "pk": 75, "fields": {"date": "2020-01-06T20:25:28Z", "ref_number": 1035, "journal_type": "CRJ", "account_id": 120, "sub_category": 21, "category": 3, "description": "Test Client One", "debit": 7500.0, "credit": 0.0, "main_Trans": true}}, {"model": "smartsetup.generalledger", "pk": 76, "fields": {"date": "2020-01-06T20:25:28Z", "ref_number": 1035, "journal_type": "CRJ", "account_id": 94, "sub_category": 45, "category": 1, "description": "Software developer", "debit": 0.0, "credit": 7500.0, "main_Trans": false}}, {"model": "smartsetup.generalledger", "pk": 91, "fields": {"date": "2020-01-12T11:54:30Z", "ref_number": 1001, "journal_type": "GJ", "account_id": 64, "sub_category": 17, "category": 2, "description": "Another test record", "debit": 750000.0, "credit": 0.0, "main_Trans": false}}, {"model": "smartsetup.generalledger", "pk": 92, "fields": {"date": "2020-01-12T11:54:30Z", "ref_number": 1001, "journal_type": "GJ", "account_id": 23, "sub_category": 1, "category": 1, "description": "New test record One", "debit": 0.0, "credit": 750000.0, "main_Trans": false}}, {"model": "smartsetup.receiptmain", "pk": 31, "fields": {"date": "2019-11-25T16:36:27Z", "receipt_number": 1028, "client": null, "bill_to": "Test Client Four", "description": "", "cash_account": 21, "Debit_account": 39, "pay_mode": "Cheque", "total_amount": 0.0}}, {"model": "smartsetup.receiptmain", "pk": 34, "fields": {"date": "2019-12-17T14:42:37Z", "receipt_number": 1030, "client": null, "bill_to": "Lagos state government", "description": "", "cash_account": 21, "Debit_account": 39, "pay_mode": "Cheque", "total_amount": 0.0}}, {"model": "smartsetup.receiptmain", "pk": 37, "fields": {"date": "2019-12-04T19:29:56Z", "receipt_number": 1033, "client": null, "bill_to": "Money received from other debtors", "description": "", "cash_account": 23, "Debit_account": 98, "pay_mode": "Cheque", "total_amount": 0.0}}, {"model": "smartsetup.receiptmain", "pk": 38, "fields": {"date": "2019-12-17T14:49:48Z", "receipt_number": 1034, "client": null, "bill_to": "Test receipt transaction", "description": "", "cash_account": 21, "Debit_account": 38, "pay_mode": "Cheque", "total_amount": 0.0}}, {"model": "smartsetup.receiptmain", "pk": 39, "fields": {"date": "2020-01-06T20:25:28Z", "receipt_number": 1035, "client": null, "bill_to": "Test Client One", "description": "", "cash_account": 21, "Debit_account": 120, "pay_mode": "Cheque", "total_amount": 0.0}}, {"model": "smartsetup.receiptdetails", "pk": 22, "fields": {"quantity": 1, "description": "New test record One", "revenue_account": 43, "credit_account": 21, "unit_price": 0.0, "amount": 15000.0, "receipt_main_id": 31}}, {"model": "smartsetup.receiptdetails", "pk": 23, "fields": {"quantity": 1, "description": "New test record One", "revenue_account": 1, "credit_account": 23, "unit_price": 0.0, "amount": 35000.0, "receipt_main_id": 31}}, {"model": "smartsetup.receiptdetails", "pk": 24, "fields": {"quantity": 1, "description": "Another New test record Two", "revenue_account": 7, "credit_account": 33, "unit_price": 0.0, "amount": 43000.0, "receipt_main_id": 31}}, {"model": "smartsetup.receiptdetails", "pk": 28, "fields": {"quantity": 1, "description": "Final test record", "revenue_account": 43, "credit_account": 20, "unit_price": 0.0, "amount": 7500.0, "receipt_main_id": 31}}, {"model": "smartsetup.receiptdetails", "pk": 35, "fields": {"quantity": 1, "description": "Transaction from other debtors", "revenue_account": 11, "credit_account": 45, "unit_price": 0.0, "amount": 12000000.0, "receipt_main_id": 37}}, {"model": "smartsetup.receiptdetails", "pk": 36, "fields": {"quantity": 1, "description": "Money received from operating lease receipt", "revenue_account": 7, "credit_account": 33, "unit_price": 0.0, "amount": 15000.0, "receipt_main_id": 34}}, {"model": "smartsetup.receiptdetails", "pk": 38, "fields": {"quantity": 1, "description": "Monthly pension", "revenue_account": 43, "credit_account": 21, "unit_price": 0.0, "amount": 330000.0, "receipt_main_id": 38}}, {"model": "smartsetup.receiptdetails", "pk": 39, "fields": {"quantity": 1, "description": "Software developer", "revenue_account": 45, "credit_account": 94, "unit_price": 0.0, "amount": 7500.0, "receipt_main_id": 39}}, {"model": "smartsetup.expensemain", "pk": 11, "fields": {"date": "2019-12-17T21:08:04Z", "voucher_number": 1001, "payee": 1, "description": "General Expenditure", "cash_account": 21, "credit_account": 74, "pay_mode": "Cheque", "total_amount": 0.0}}, {"model": "smartsetup.expensemain", "pk": 12, "fields": {"date": "2019-12-30T05:16:24Z", "voucher_number": 1002, "payee": 1, "description": "Luqman Shofuleji", "cash_account": 21, "credit_account": 75, "pay_mode": "Cheque", "total_amount": 0.0}}, {"model": "smartsetup.expensedetails", "pk": 15, "fields": {"quantity": 1, "description": "Entertainment of guest", "expense_account": 19, "Debit_account": 74, "unit_price": 0.0, "amount": 30000.0, "expense_main_id": 11}}, {"model": "smartsetup.expensedetails", "pk": 16, "fields": {"quantity": 1, "description": "Being money paid for consultant services", "expense_account": 19, "Debit_account": 75, "unit_price": 0.0, "amount": 65000.0, "expense_main_id": 12}}, {"model": "smartsetup.gjournalmain", "pk": 1, "fields": {"date": "2020-01-12T11:38:39Z", "ref_number": 1001, "description": "Test Journal Transaction", "total_debit": 0.0, "total_credit": 0.0}}, {"model": "smartsetup.gjournaldetails", "pk": 1, "fields": {"sub_category": 1, "account": 23, "description": "New test record One", "debit": 0.0, "credit": 750000.0, "journal_main_id": 1}}, {"model": "smartsetup.gjournaldetails", "pk": 4, "fields": {"sub_category": 17, "account": 64, "description": "Another test record", "debit": 750000.0, "credit": 0.0, "journal_main_id": 1}}, {"model": "admin.logentry", "pk": 1, "fields": {"action_time": "2019-09-19T04:19:00.821Z", "user": 1, "content_type": 8, "object_id": "1", "object_repr": "luqman", "action_flag": 1, "change_message": "[{\"added\": {}}]"}}, {"model": "admin.logentry", "pk": 2, "fields": {"action_time": "2019-09-19T05:11:25.994Z", "user": 1, "content_type": 8, "object_id": "2", "object_repr": "micheal", "action_flag": 1, "change_message": "[{\"added\": {}}]"}}, {"model": "admin.logentry", "pk": 3, "fields": {"action_time": "2019-09-23T21:24:24.882Z", "user": 1, "content_type": 4, "object_id": "3", "object_repr": "ademola", "action_flag": 3, "change_message": ""}}, {"model": "admin.logentry", "pk": 4, "fields": {"action_time": "2019-10-30T08:16:52.209Z", "user": 1, "content_type": 8, "object_id": "5", "object_repr": "Olawale", "action_flag": 1, "change_message": "[{\"added\": {}}]"}}, {"model": "admin.logentry", "pk": 5, "fields": {"action_time": "2020-01-13T09:51:01.555Z", "user": 1, "content_type": 4, "object_id": "4", "object_repr": "ademola", "action_flag": 3, "change_message": ""}}, {"model": "admin.logentry", "pk": 6, "fields": {"action_time": "2020-01-13T09:51:01.876Z", "user": 1, "content_type": 4, "object_id": "2", "object_repr": "micheal", "action_flag": 3, "change_message": ""}}, {"model": "admin.logentry", "pk": 7, "fields": {"action_time": "2020-01-14T03:09:15.135Z", "user": 1, "content_type": 4, "object_id": "7", "object_repr": "Guest", "action_flag": 1, "change_message": "[{\"added\": {}}]"}}, {"model": "admin.logentry", "pk": 8, "fields": {"action_time": "2020-01-14T03:29:23.982Z", "user": 1, "content_type": 4, "object_id": "6", "object_repr": "Olawale", "action_flag": 2, "change_message": "[{\"changed\": {\"fields\": [\"Staff status\", \"Superuser status\"]}}]"}}, {"model": "admin.logentry", "pk": 9, "fields": {"action_time": "2020-01-14T03:29:50.218Z", "user": 1, "content_type": 4, "object_id": "5", "object_repr": "Sample", "action_flag": 3, "change_message": ""}}]