[{"model": "contenttypes.contenttype", "pk": 1, "fields": {"app_label": "admin", "model": "logentry"}}, {"model": "contenttypes.contenttype", "pk": 2, "fields": {"app_label": "auth", "model": "permission"}}, {"model": "contenttypes.contenttype", "pk": 3, "fields": {"app_label": "auth", "model": "group"}}, {"model": "contenttypes.contenttype", "pk": 4, "fields": {"app_label": "auth", "model": "user"}}, {"model": "contenttypes.contenttype", "pk": 5, "fields": {"app_label": "contenttypes", "model": "contenttype"}}, {"model": "contenttypes.contenttype", "pk": 6, "fields": {"app_label": "sessions", "model": "session"}}, {"model": "contenttypes.contenttype", "pk": 7, "fields": {"app_label": "smartsetup", "model": "chartcategory"}}, {"model": "contenttypes.contenttype", "pk": 8, "fields": {"app_label": "smartsetup", "model": "userprofile"}}, {"model": "contenttypes.contenttype", "pk": 9, "fields": {"app_label": "smartsetup", "model": "chartsubcategory"}}, {"model": "contenttypes.contenttype", "pk": 10, "fields": {"app_label": "smartsetup", "model": "setupclients"}}, {"model": "contenttypes.contenttype", "pk": 11, "fields": {"app_label": "smartsetup", "model": "setupvendors"}}, {"model": "contenttypes.contenttype", "pk": 12, "fields": {"app_label": "smartsetup", "model": "setupinventorycategory"}}, {"model": "contenttypes.contenttype", "pk": 13, "fields": {"app_label": "smartsetup", "model": "setupinventoryitems"}}, {"model": "contenttypes.contenttype", "pk": 14, "fields": {"app_label": "smartsetup", "model": "receiptdetails"}}, {"model": "contenttypes.contenttype", "pk": 15, "fields": {"app_label": "smartsetup", "model": "receiptmain"}}, {"model": "contenttypes.contenttype", "pk": 16, "fields": {"app_label": "smartsetup", "model": "expensemain"}}, {"model": "contenttypes.contenttype", "pk": 17, "fields": {"app_label": "smartsetup", "model": "expensedetails"}}, {"model": "contenttypes.contenttype", "pk": 18, "fields": {"app_label": "smartsetup", "model": "gjournalmain"}}, {"model": "contenttypes.contenttype", "pk": 19, "fields": {"app_label": "smartsetup", "model": "gjournaldetails"}}, {"model": "contenttypes.contenttype", "pk": 20, "fields": {"app_label": "smartsetup", "model": "chartnoteitems"}}, {"model": "contenttypes.contenttype", "pk": 21, "fields": {"app_label": "smartsetup", "model": "generalledger"}}, {"model": "contenttypes.contenttype", "pk": 22, "fields": {"app_label": "smartsetup", "model": "employeeprofile"}}, {"model": "contenttypes.contenttype", "pk": 23, "fields": {"app_label": "smartsetup", "model": "generaljournal"}}, {"model": "contenttypes.contenttype", "pk": 24, "fields": {"app_label": "smartsetup", "model": "generaljournaldetails"}}, {"model": "sessions.session", "pk": "1wv6ctkmc42vfnefnyni4s5txk42gne6", "fields": {"session_data": "YWRlZmMxN2Q0MzkxMmM0ZjkxZTI4NWM2ZGZiMzkyZjMzMTY1MGQ4YTp7Il9hdXRoX3VzZXJfaWQiOiIxIiwiX2F1dGhfdXNlcl9iYWNrZW5kIjoiZGphbmdvLmNvbnRyaWIuYXV0aC5iYWNrZW5kcy5Nb2RlbEJhY2tlbmQiLCJfYXV0aF91c2VyX2hhc2giOiIwZGExNGMxZTNmNmMzZTE4N2NlMmU4N2EyZDBjZTVkODExN2IzMDlkIn0=", "expire_date": "2019-12-01T20:00:38.294Z"}}, {"model": "sessions.session", "pk": "4bk69e0qhqik3e1k9vur1d0rl8kp7dci", "fields": {"session_data": "NTQ4NWQyMjA0ZTZkMjY2OGVlYWQ5OTAxZmFmMzUyYTQ3YjczMGY1ZTp7Il9hdXRoX3VzZXJfaWQiOiIxIiwiX2F1dGhfdXNlcl9iYWNrZW5kIjoiZGphbmdvLmNvbnRyaWIuYXV0aC5iYWNrZW5kcy5Nb2RlbEJhY2tlbmQiLCJfYXV0aF91c2VyX2hhc2giOiJhYzMzODhlZjVmZWJiNDFhYWQ5OGE1YTMwYWIyYzFlZTU0YWU3ZjdkIn0=", "expire_date": "2019-10-07T20:47:57.363Z"}}, {"model": "sessions.session", "pk": "bbus6bgty4dj6dd5j0kg749s9lemv1nx", "fields": {"session_data": "YWRlZmMxN2Q0MzkxMmM0ZjkxZTI4NWM2ZGZiMzkyZjMzMTY1MGQ4YTp7Il9hdXRoX3VzZXJfaWQiOiIxIiwiX2F1dGhfdXNlcl9iYWNrZW5kIjoiZGphbmdvLmNvbnRyaWIuYXV0aC5iYWNrZW5kcy5Nb2RlbEJhY2tlbmQiLCJfYXV0aF91c2VyX2hhc2giOiIwZGExNGMxZTNmNmMzZTE4N2NlMmU4N2EyZDBjZTVkODExN2IzMDlkIn0=", "expire_date": "2019-11-10T16:40:11.021Z"}}, {"model": "sessions.session", "pk": "ha8naw5kga8aesjuw0bjnb5bw2qrok9m", "fields": {"session_data": "YWRlZmMxN2Q0MzkxMmM0ZjkxZTI4NWM2ZGZiMzkyZjMzMTY1MGQ4YTp7Il9hdXRoX3VzZXJfaWQiOiIxIiwiX2F1dGhfdXNlcl9iYWNrZW5kIjoiZGphbmdvLmNvbnRyaWIuYXV0aC5iYWNrZW5kcy5Nb2RlbEJhY2tlbmQiLCJfYXV0aF91c2VyX2hhc2giOiIwZGExNGMxZTNmNmMzZTE4N2NlMmU4N2EyZDBjZTVkODExN2IzMDlkIn0=", "expire_date": "2019-12-15T02:22:39.386Z"}}, {"model": "sessions.session", "pk": "kw3cg9wxy3tqmsuo17ael26l19yffpq6", "fields": {"session_data": "YWRlZmMxN2Q0MzkxMmM0ZjkxZTI4NWM2ZGZiMzkyZjMzMTY1MGQ4YTp7Il9hdXRoX3VzZXJfaWQiOiIxIiwiX2F1dGhfdXNlcl9iYWNrZW5kIjoiZGphbmdvLmNvbnRyaWIuYXV0aC5iYWNrZW5kcy5Nb2RlbEJhY2tlbmQiLCJfYXV0aF91c2VyX2hhc2giOiIwZGExNGMxZTNmNmMzZTE4N2NlMmU4N2EyZDBjZTVkODExN2IzMDlkIn0=", "expire_date": "2019-10-22T13:42:44.250Z"}}, {"model": "sessions.session", "pk": "kyazzufy5d3a9g344f5fzwazmphsba4s", "fields": {"session_data": "NTQ4NWQyMjA0ZTZkMjY2OGVlYWQ5OTAxZmFmMzUyYTQ3YjczMGY1ZTp7Il9hdXRoX3VzZXJfaWQiOiIxIiwiX2F1dGhfdXNlcl9iYWNrZW5kIjoiZGphbmdvLmNvbnRyaWIuYXV0aC5iYWNrZW5kcy5Nb2RlbEJhY2tlbmQiLCJfYXV0aF91c2VyX2hhc2giOiJhYzMzODhlZjVmZWJiNDFhYWQ5OGE1YTMwYWIyYzFlZTU0YWU3ZjdkIn0=", "expire_date": "2019-10-09T10:39:19.425Z"}}, {"model": "sessions.session", "pk": "lph5v6u4k2kzj7far6qjhistahuwreqj", "fields": {"session_data": "NTQ4NWQyMjA0ZTZkMjY2OGVlYWQ5OTAxZmFmMzUyYTQ3YjczMGY1ZTp7Il9hdXRoX3VzZXJfaWQiOiIxIiwiX2F1dGhfdXNlcl9iYWNrZW5kIjoiZGphbmdvLmNvbnRyaWIuYXV0aC5iYWNrZW5kcy5Nb2RlbEJhY2tlbmQiLCJfYXV0aF91c2VyX2hhc2giOiJhYzMzODhlZjVmZWJiNDFhYWQ5OGE1YTMwYWIyYzFlZTU0YWU3ZjdkIn0=", "expire_date": "2019-10-04T08:25:48.129Z"}}, {"model": "sessions.session", "pk": "lyfwuucw4oay41y86jfjrwxphk1ubjzx", "fields": {"session_data": "YWRlZmMxN2Q0MzkxMmM0ZjkxZTI4NWM2ZGZiMzkyZjMzMTY1MGQ4YTp7Il9hdXRoX3VzZXJfaWQiOiIxIiwiX2F1dGhfdXNlcl9iYWNrZW5kIjoiZGphbmdvLmNvbnRyaWIuYXV0aC5iYWNrZW5kcy5Nb2RlbEJhY2tlbmQiLCJfYXV0aF91c2VyX2hhc2giOiIwZGExNGMxZTNmNmMzZTE4N2NlMmU4N2EyZDBjZTVkODExN2IzMDlkIn0=", "expire_date": "2019-12-15T11:50:51.339Z"}}, {"model": "sessions.session", "pk": "sks6th6nfz8z37oi7dcyih9gf39qemgo", "fields": {"session_data": "YWRlZmMxN2Q0MzkxMmM0ZjkxZTI4NWM2ZGZiMzkyZjMzMTY1MGQ4YTp7Il9hdXRoX3VzZXJfaWQiOiIxIiwiX2F1dGhfdXNlcl9iYWNrZW5kIjoiZGphbmdvLmNvbnRyaWIuYXV0aC5iYWNrZW5kcy5Nb2RlbEJhY2tlbmQiLCJfYXV0aF91c2VyX2hhc2giOiIwZGExNGMxZTNmNmMzZTE4N2NlMmU4N2EyZDBjZTVkODExN2IzMDlkIn0=", "expire_date": "2019-11-15T05:59:18.582Z"}}, {"model": "sessions.session", "pk": "tpavo3mcg54fxomuokcvwu43h1zx63tt", "fields": {"session_data": "YWRlZmMxN2Q0MzkxMmM0ZjkxZTI4NWM2ZGZiMzkyZjMzMTY1MGQ4YTp7Il9hdXRoX3VzZXJfaWQiOiIxIiwiX2F1dGhfdXNlcl9iYWNrZW5kIjoiZGphbmdvLmNvbnRyaWIuYXV0aC5iYWNrZW5kcy5Nb2RlbEJhY2tlbmQiLCJfYXV0aF91c2VyX2hhc2giOiIwZGExNGMxZTNmNmMzZTE4N2NlMmU4N2EyZDBjZTVkODExN2IzMDlkIn0=", "expire_date": "2019-11-10T10:48:28.937Z"}}, {"model": "smartsetup.chartcategory", "pk": 1, "fields": {"category_code": 1000, "category_name": "Revenue"}}, {"model": "smartsetup.chartcategory", "pk": 2, "fields": {"category_code": 2000, "category_name": "Expenses"}}, {"model": "smartsetup.chartcategory", "pk": 3, "fields": {"category_code": 3000, "category_name": "Current Assets"}}, {"model": "smartsetup.chartcategory", "pk": 4, "fields": {"category_code": 4000, "category_name": "Non Current Assets"}}, {"model": "smartsetup.chartcategory", "pk": 5, "fields": {"category_code": 5000, "category_name": "Current Liabilities"}}, {"model": "smartsetup.chartcategory", "pk": 6, "fields": {"category_code": 6000, "category_name": "Non Current Liabilities"}}, {"model": "smartsetup.chartcategory", "pk": 7, "fields": {"category_code": 7000, "category_name": "Equity"}}, {"model": "smartsetup.chartsubcategory", "pk": 1, "fields": {"category_code": 1, "sub_category_code": 1001, "sub_category_name": "Property taxes revenue", "notes": 3}}, {"model": "smartsetup.chartsubcategory", "pk": 2, "fields": {"category_code": 1, "sub_category_code": 1002, "sub_category_name": "Public contributions and donations", "notes": 4}}, {"model": "smartsetup.chartsubcategory", "pk": 3, "fields": {"category_code": 1, "sub_category_code": 1003, "sub_category_name": "Fines, penalties and levies", "notes": 5}}, {"model": "smartsetup.chartsubcategory", "pk": 4, "fields": {"category_code": 1, "sub_category_code": 1004, "sub_category_name": "Licenses and permits", "notes": 0}}, {"model": "smartsetup.chartsubcategory", "pk": 5, "fields": {"category_code": 1, "sub_category_code": 1005, "sub_category_name": "Government grants / subsidies - gifts and services-in-kind", "notes": 6}}, {"model": "smartsetup.chartsubcategory", "pk": 6, "fields": {"category_code": 1, "sub_category_code": 1006, "sub_category_name": "Rendering of services", "notes": 7}}, {"model": "smartsetup.chartsubcategory", "pk": 7, "fields": {"category_code": 1, "sub_category_code": 1007, "sub_category_name": "Rental revenue from facilities and equipment", "notes": 9}}, {"model": "smartsetup.chartsubcategory", "pk": 8, "fields": {"category_code": 1, "sub_category_code": 1008, "sub_category_name": "Finance income - external investments", "notes": 10}}, {"model": "smartsetup.chartsubcategory", "pk": 9, "fields": {"category_code": 1, "sub_category_code": 1009, "sub_category_name": "Finance income - outstanding receivables", "notes": 11}}, {"model": "smartsetup.chartsubcategory", "pk": 10, "fields": {"category_code": 1, "sub_category_code": 1010, "sub_category_name": "Agency fees", "notes": 0}}, {"model": "smartsetup.chartsubcategory", "pk": 11, "fields": {"category_code": 1, "sub_category_code": 1011, "sub_category_name": "Other income", "notes": 12}}, {"model": "smartsetup.chartsubcategory", "pk": 12, "fields": {"category_code": 2, "sub_category_code": 2001, "sub_category_name": "Bulk purchases of water and electricity", "notes": 13}}, {"model": "smartsetup.chartsubcategory", "pk": 13, "fields": {"category_code": 2, "sub_category_code": 2002, "sub_category_name": "Employee costs", "notes": 14}}, {"model": "smartsetup.chartsubcategory", "pk": 14, "fields": {"category_code": 2, "sub_category_code": 2003, "sub_category_name": "Remuneration of councilors", "notes": 15}}, {"model": "smartsetup.chartsubcategory", "pk": 15, "fields": {"category_code": 2, "sub_category_code": 2004, "sub_category_name": "Depreciation and amortization expense", "notes": 16}}, {"model": "smartsetup.chartsubcategory", "pk": 16, "fields": {"category_code": 2, "sub_category_code": 2005, "sub_category_name": "Repairs and maintenance", "notes": 17}}, {"model": "smartsetup.chartsubcategory", "pk": 17, "fields": {"category_code": 2, "sub_category_code": 2006, "sub_category_name": "Contracted services", "notes": 18}}, {"model": "smartsetup.chartsubcategory", "pk": 18, "fields": {"category_code": 2, "sub_category_code": 2007, "sub_category_name": "Grants and subsidies", "notes": 19}}, {"model": "smartsetup.chartsubcategory", "pk": 19, "fields": {"category_code": 2, "sub_category_code": 2008, "sub_category_name": "General expenses", "notes": 20}}, {"model": "smartsetup.chartsubcategory", "pk": 20, "fields": {"category_code": 2, "sub_category_code": 2009, "sub_category_name": "Finance costs", "notes": 21}}, {"model": "smartsetup.chartsubcategory", "pk": 21, "fields": {"category_code": 3, "sub_category_code": 3001, "sub_category_name": "Cash and cash equivalents", "notes": 26}}, {"model": "smartsetup.chartsubcategory", "pk": 22, "fields": {"category_code": 3, "sub_category_code": 3002, "sub_category_name": "Receivables from exchange transactions", "notes": 27}}, {"model": "smartsetup.chartsubcategory", "pk": 23, "fields": {"category_code": 3, "sub_category_code": 3003, "sub_category_name": "Receivables from non-exchange transactions", "notes": 28}}, {"model": "smartsetup.chartsubcategory", "pk": 24, "fields": {"category_code": 3, "sub_category_code": 3004, "sub_category_name": "Inventories", "notes": 29}}, {"model": "smartsetup.chartsubcategory", "pk": 25, "fields": {"category_code": 3, "sub_category_code": 3005, "sub_category_name": "Investments", "notes": 30}}, {"model": "smartsetup.chartsubcategory", "pk": 26, "fields": {"category_code": 4, "sub_category_code": 4001, "sub_category_name": "Property, plant and equipment", "notes": 31}}, {"model": "smartsetup.chartsubcategory", "pk": 27, "fields": {"category_code": 4, "sub_category_code": 4002, "sub_category_name": "Investments", "notes": 30}}, {"model": "smartsetup.chartsubcategory", "pk": 28, "fields": {"category_code": 4, "sub_category_code": 4003, "sub_category_name": "Intangible assets", "notes": 32}}, {"model": "smartsetup.chartsubcategory", "pk": 29, "fields": {"category_code": 4, "sub_category_code": 4004, "sub_category_name": "Investment property", "notes": 33}}, {"model": "smartsetup.chartsubcategory", "pk": 30, "fields": {"category_code": 4, "sub_category_code": 4005, "sub_category_name": "Long term receivables", "notes": 27}}, {"model": "smartsetup.chartsubcategory", "pk": 31, "fields": {"category_code": 5, "sub_category_code": 5001, "sub_category_name": "Trade and other payables", "notes": 34}}, {"model": "smartsetup.chartsubcategory", "pk": 32, "fields": {"category_code": 5, "sub_category_code": 5002, "sub_category_name": "Refundable deposits", "notes": 35}}, {"model": "smartsetup.chartsubcategory", "pk": 33, "fields": {"category_code": 5, "sub_category_code": 5003, "sub_category_name": "Provisions", "notes": 36}}, {"model": "smartsetup.chartsubcategory", "pk": 34, "fields": {"category_code": 5, "sub_category_code": 5004, "sub_category_name": "Finance lease obligation", "notes": 41}}, {"model": "smartsetup.chartsubcategory", "pk": 35, "fields": {"category_code": 5, "sub_category_code": 5005, "sub_category_name": "Current portion of borrowings", "notes": 42}}, {"model": "smartsetup.chartsubcategory", "pk": 36, "fields": {"category_code": 5, "sub_category_code": 5006, "sub_category_name": "Deferred income", "notes": 37}}, {"model": "smartsetup.chartsubcategory", "pk": 37, "fields": {"category_code": 5, "sub_category_code": 5007, "sub_category_name": "Payments received in advance", "notes": 40}}, {"model": "smartsetup.chartsubcategory", "pk": 38, "fields": {"category_code": 6, "sub_category_code": 6001, "sub_category_name": "Long-term borrowings", "notes": 39}}, {"model": "smartsetup.chartsubcategory", "pk": 39, "fields": {"category_code": 6, "sub_category_code": 6002, "sub_category_name": "Long-term provisions", "notes": 42}}, {"model": "smartsetup.chartsubcategory", "pk": 40, "fields": {"category_code": 6, "sub_category_code": 6003, "sub_category_name": "Borrowings", "notes": 42}}, {"model": "smartsetup.chartsubcategory", "pk": 41, "fields": {"category_code": 6, "sub_category_code": 6004, "sub_category_name": "Deferred tax liabilities", "notes": 25}}, {"model": "smartsetup.chartsubcategory", "pk": 43, "fields": {"category_code": 1, "sub_category_code": 1012, "sub_category_name": "Refund", "notes": 1}}, {"model": "smartsetup.chartsubcategory", "pk": 45, "fields": {"category_code": 1, "sub_category_code": 1014, "sub_category_name": "Statutory Allocation", "notes": 0}}, {"model": "smartsetup.chartnoteitems", "pk": 18, "fields": {"sub_category": 3, "item_name": "Fines"}}, {"model": "smartsetup.chartnoteitems", "pk": 20, "fields": {"sub_category": 43, "item_name": "Bank"}}, {"model": "smartsetup.chartnoteitems", "pk": 21, "fields": {"sub_category": 43, "item_name": "Pensioner"}}, {"model": "smartsetup.chartnoteitems", "pk": 22, "fields": {"sub_category": 1, "item_name": "Residential"}}, {"model": "smartsetup.chartnoteitems", "pk": 23, "fields": {"sub_category": 1, "item_name": "Commercial"}}, {"model": "smartsetup.chartnoteitems", "pk": 24, "fields": {"sub_category": 1, "item_name": "State"}}, {"model": "smartsetup.chartnoteitems", "pk": 25, "fields": {"sub_category": 1, "item_name": "Municipal"}}, {"model": "smartsetup.chartnoteitems", "pk": 26, "fields": {"sub_category": 5, "item_name": "Unconditional grants"}}, {"model": "smartsetup.chartnoteitems", "pk": 27, "fields": {"sub_category": 5, "item_name": "Operational grant"}}, {"model": "smartsetup.chartnoteitems", "pk": 28, "fields": {"sub_category": 5, "item_name": "Conditional grants"}}, {"model": "smartsetup.chartnoteitems", "pk": 29, "fields": {"sub_category": 5, "item_name": "Infrastructure grant"}}, {"model": "smartsetup.chartnoteitems", "pk": 30, "fields": {"sub_category": 5, "item_name": "Social service grant"}}, {"model": "smartsetup.chartnoteitems", "pk": 31, "fields": {"sub_category": 5, "item_name": "Government grants - Capital"}}, {"model": "smartsetup.chartnoteitems", "pk": 32, "fields": {"sub_category": 5, "item_name": "Government grants - Operating"}}, {"model": "smartsetup.chartnoteitems", "pk": 33, "fields": {"sub_category": 7, "item_name": "Operating lease receipts"}}, {"model": "smartsetup.chartnoteitems", "pk": 34, "fields": {"sub_category": 7, "item_name": "Contingent rentals"}}, {"model": "smartsetup.chartnoteitems", "pk": 35, "fields": {"sub_category": 8, "item_name": "Cash investments and fixed deposits"}}, {"model": "smartsetup.chartnoteitems", "pk": 36, "fields": {"sub_category": 9, "item_name": "Service debtors"}}, {"model": "smartsetup.chartnoteitems", "pk": 37, "fields": {"sub_category": 11, "item_name": "Insurance recoveries"}}, {"model": "smartsetup.chartnoteitems", "pk": 38, "fields": {"sub_category": 21, "item_name": "Bank"}}, {"model": "smartsetup.chartnoteitems", "pk": 39, "fields": {"sub_category": 21, "item_name": "Cash-on-hand"}}, {"model": "smartsetup.chartnoteitems", "pk": 40, "fields": {"sub_category": 21, "item_name": "Cash in transit"}}, {"model": "smartsetup.chartnoteitems", "pk": 42, "fields": {"sub_category": 13, "item_name": "Entertainment"}}, {"model": "smartsetup.chartnoteitems", "pk": 43, "fields": {"sub_category": 11, "item_name": "Bulk Infrastructure Levies"}}, {"model": "smartsetup.chartnoteitems", "pk": 44, "fields": {"sub_category": 11, "item_name": "Infrastructure improvement fee"}}, {"model": "smartsetup.chartnoteitems", "pk": 45, "fields": {"sub_category": 11, "item_name": "Other income"}}, {"model": "smartsetup.chartnoteitems", "pk": 46, "fields": {"sub_category": 11, "item_name": "Services concession income"}}, {"model": "smartsetup.chartnoteitems", "pk": 47, "fields": {"sub_category": 11, "item_name": "Skills development levy"}}, {"model": "smartsetup.chartnoteitems", "pk": 48, "fields": {"sub_category": 12, "item_name": "Electricity"}}, {"model": "smartsetup.chartnoteitems", "pk": 49, "fields": {"sub_category": 12, "item_name": "Water"}}, {"model": "smartsetup.chartnoteitems", "pk": 50, "fields": {"sub_category": 13, "item_name": "salaries and wages"}}, {"model": "smartsetup.chartnoteitems", "pk": 51, "fields": {"sub_category": 13, "item_name": "contributions to pensions and medical aids"}}, {"model": "smartsetup.chartnoteitems", "pk": 52, "fields": {"sub_category": 13, "item_name": "Allowances - Travel, motor car, accommodation and other"}}, {"model": "smartsetup.chartnoteitems", "pk": 53, "fields": {"sub_category": 13, "item_name": "Housing benefits and allowances"}}, {"model": "smartsetup.chartnoteitems", "pk": 54, "fields": {"sub_category": 13, "item_name": "Overtime payments"}}, {"model": "smartsetup.chartnoteitems", "pk": 55, "fields": {"sub_category": 13, "item_name": "Performance and other bonuses"}}, {"model": "smartsetup.chartnoteitems", "pk": 56, "fields": {"sub_category": 13, "item_name": "Contribution - long service awards"}}, {"model": "smartsetup.chartnoteitems", "pk": 57, "fields": {"sub_category": 15, "item_name": "Property, plant and equipment"}}, {"model": "smartsetup.chartnoteitems", "pk": 58, "fields": {"sub_category": 15, "item_name": "Intangible assets"}}, {"model": "smartsetup.chartnoteitems", "pk": 59, "fields": {"sub_category": 15, "item_name": "Investment property carried at cost"}}, {"model": "smartsetup.chartnoteitems", "pk": 60, "fields": {"sub_category": 16, "item_name": "Property"}}, {"model": "smartsetup.chartnoteitems", "pk": 61, "fields": {"sub_category": 16, "item_name": "Equipment"}}, {"model": "smartsetup.chartnoteitems", "pk": 62, "fields": {"sub_category": 16, "item_name": "Vehicles"}}, {"model": "smartsetup.chartnoteitems", "pk": 63, "fields": {"sub_category": 16, "item_name": "Other"}}, {"model": "smartsetup.chartnoteitems", "pk": 64, "fields": {"sub_category": 17, "item_name": "Actuarial valuations"}}, {"model": "smartsetup.chartnoteitems", "pk": 65, "fields": {"sub_category": 17, "item_name": "Investment valuations"}}, {"model": "smartsetup.chartnoteitems", "pk": 66, "fields": {"sub_category": 17, "item_name": "Property valuations"}}, {"model": "smartsetup.chartnoteitems", "pk": 67, "fields": {"sub_category": 18, "item_name": "Community development"}}, {"model": "smartsetup.chartnoteitems", "pk": 68, "fields": {"sub_category": 18, "item_name": "Education initiatives and programs"}}, {"model": "smartsetup.chartnoteitems", "pk": 69, "fields": {"sub_category": 18, "item_name": "Social development"}}, {"model": "smartsetup.chartnoteitems", "pk": 70, "fields": {"sub_category": 18, "item_name": "Community trust"}}, {"model": "smartsetup.chartnoteitems", "pk": 71, "fields": {"sub_category": 19, "item_name": "Advertising"}}, {"model": "smartsetup.chartnoteitems", "pk": 72, "fields": {"sub_category": 19, "item_name": "Admin fees"}}, {"model": "smartsetup.chartnoteitems", "pk": 73, "fields": {"sub_category": 19, "item_name": "Audit fees"}}, {"model": "smartsetup.chartnoteitems", "pk": 74, "fields": {"sub_category": 19, "item_name": "Conferences and delegations"}}, {"model": "smartsetup.chartnoteitems", "pk": 75, "fields": {"sub_category": 19, "item_name": "Consulting fees"}}, {"model": "smartsetup.chartnoteitems", "pk": 76, "fields": {"sub_category": 19, "item_name": "Consumables"}}, {"model": "smartsetup.chartnoteitems", "pk": 77, "fields": {"sub_category": 19, "item_name": "Electricity"}}, {"model": "smartsetup.chartnoteitems", "pk": 78, "fields": {"sub_category": 19, "item_name": "Fuel and Diesel"}}, {"model": "smartsetup.chartnoteitems", "pk": 79, "fields": {"sub_category": 19, "item_name": "Insurance"}}, {"model": "smartsetup.chartnoteitems", "pk": 80, "fields": {"sub_category": 19, "item_name": "Legal expenses"}}, {"model": "smartsetup.chartnoteitems", "pk": 81, "fields": {"sub_category": 19, "item_name": "Licenses and permits"}}, {"model": "smartsetup.chartnoteitems", "pk": 82, "fields": {"sub_category": 19, "item_name": "Postage"}}, {"model": "smartsetup.chartnoteitems", "pk": 83, "fields": {"sub_category": 19, "item_name": "Printing and stationery"}}, {"model": "smartsetup.chartnoteitems", "pk": 84, "fields": {"sub_category": 19, "item_name": "Hire charges"}}, {"model": "smartsetup.chartnoteitems", "pk": 85, "fields": {"sub_category": 19, "item_name": "Rental"}}, {"model": "smartsetup.chartnoteitems", "pk": 86, "fields": {"sub_category": 19, "item_name": "Security costs"}}, {"model": "smartsetup.chartnoteitems", "pk": 87, "fields": {"sub_category": 19, "item_name": "Skills development levies"}}, {"model": "smartsetup.chartnoteitems", "pk": 88, "fields": {"sub_category": 19, "item_name": "Telecommunication"}}, {"model": "smartsetup.chartnoteitems", "pk": 89, "fields": {"sub_category": 19, "item_name": "Training"}}, {"model": "smartsetup.chartnoteitems", "pk": 90, "fields": {"sub_category": 20, "item_name": "Borrowings (amortized cost)"}}, {"model": "smartsetup.chartnoteitems", "pk": 91, "fields": {"sub_category": 20, "item_name": "Finance leases (amortized cost)"}}, {"model": "smartsetup.chartnoteitems", "pk": 92, "fields": {"sub_category": 20, "item_name": "Bank overdrafts"}}, {"model": "smartsetup.chartnoteitems", "pk": 93, "fields": {"sub_category": 45, "item_name": "Statutory Allocation"}}, {"model": "smartsetup.chartnoteitems", "pk": 94, "fields": {"sub_category": 45, "item_name": "Joint account allocation committee"}}, {"model": "smartsetup.setupvendors", "pk": 1, "fields": {"vendor_name": "Sample Vendor One", "address": "16, sample street, ikeja", "city": "Lagos", "website": "https://www.sample.com", "phone": "08033563848"}}, {"model": "smartsetup.setupvendors", "pk": 2, "fields": {"vendor_name": "Sample Vendor Two", "address": "Nill", "city": "Lagos", "website": "https://www.google.com", "phone": ""}}, {"model": "smartsetup.setupinventorycategory", "pk": 2, "fields": {"inventory_category_code": 1000, "inventory_category_name": "Stationery", "description": ""}}, {"model": "smartsetup.setupinventorycategory", "pk": 4, "fields": {"inventory_category_code": 1001, "inventory_category_name": "Non-Stationery", "description": ""}}, {"model": "smartsetup.setupinventoryitems", "pk": 4, "fields": {"inventory_code": "ST0001", "inventory_name": "Pen (blue, red, black)", "description": "", "inventory_category_code": 2}}, {"model": "smartsetup.setupinventoryitems", "pk": 5, "fields": {"inventory_code": "ST0002", "inventory_name": "Flat File Jacket", "description": "", "inventory_category_code": 2}}, {"model": "smartsetup.setupinventoryitems", "pk": 6, "fields": {"inventory_code": "ST0003", "inventory_name": "Letter Headed Paper F4 size", "description": "", "inventory_category_code": 2}}, {"model": "smartsetup.setupinventoryitems", "pk": 7, "fields": {"inventory_code": "ST0004", "inventory_name": "A4 Printing Paper", "description": "", "inventory_category_code": 2}}, {"model": "smartsetup.setupinventoryitems", "pk": 8, "fields": {"inventory_code": "ST0005", "inventory_name": "85A", "description": "", "inventory_category_code": 2}}, {"model": "smartsetup.setupinventoryitems", "pk": 9, "fields": {"inventory_code": "ST0006", "inventory_name": "Staple Pin", "description": "", "inventory_category_code": 2}}, {"model": "smartsetup.setupinventoryitems", "pk": 10, "fields": {"inventory_code": "ST0007", "inventory_name": "stapler", "description": "", "inventory_category_code": 2}}, {"model": "smartsetup.setupinventoryitems", "pk": 11, "fields": {"inventory_code": "ST0008", "inventory_name": "Stamp Pad", "description": "", "inventory_category_code": 2}}, {"model": "smartsetup.setupinventoryitems", "pk": 12, "fields": {"inventory_code": "ST0009", "inventory_name": "Endorsement Ink", "description": "", "inventory_category_code": 2}}, {"model": "smartsetup.setupinventoryitems", "pk": 13, "fields": {"inventory_code": "ST0010", "inventory_name": "Foolscap Sheet", "description": "", "inventory_category_code": 2}}, {"model": "smartsetup.setupinventoryitems", "pk": 14, "fields": {"inventory_code": "ST0011", "inventory_name": "Permanent Marker", "description": "", "inventory_category_code": 2}}, {"model": "smartsetup.setupinventoryitems", "pk": 15, "fields": {"inventory_code": "ST0012", "inventory_name": "Brown Envelop", "description": "", "inventory_category_code": 2}}, {"model": "smartsetup.setupinventoryitems", "pk": 16, "fields": {"inventory_code": "ST0013", "inventory_name": "Pencil", "description": "", "inventory_category_code": 2}}, {"model": "smartsetup.setupinventoryitems", "pk": 17, "fields": {"inventory_code": "ST0014", "inventory_name": "Calculator", "description": "", "inventory_category_code": 2}}, {"model": "smartsetup.setupinventoryitems", "pk": 18, "fields": {"inventory_code": "ST0015", "inventory_name": "Rubber Band", "description": "", "inventory_category_code": 2}}, {"model": "smartsetup.setupinventoryitems", "pk": 19, "fields": {"inventory_code": "ST0016", "inventory_name": "Ruler", "description": "", "inventory_category_code": 2}}, {"model": "smartsetup.setupinventoryitems", "pk": 20, "fields": {"inventory_code": "ST0017", "inventory_name": "Bottle of gum", "description": "", "inventory_category_code": 2}}, {"model": "smartsetup.setupinventoryitems", "pk": 21, "fields": {"inventory_code": "ST0018", "inventory_name": "Office paper clip", "description": "", "inventory_category_code": 2}}, {"model": "smartsetup.setupinventoryitems", "pk": 22, "fields": {"inventory_code": "ST0019", "inventory_name": "Booklets of pensioners verification forms", "description": "", "inventory_category_code": 2}}, {"model": "smartsetup.setupinventoryitems", "pk": 23, "fields": {"inventory_code": "ST0020", "inventory_name": "White official envelop", "description": "", "inventory_category_code": 2}}, {"model": "smartsetup.setupinventoryitems", "pk": 24, "fields": {"inventory_code": "ST0021", "inventory_name": "Carbon paper (one side)", "description": "", "inventory_category_code": 2}}, {"model": "smartsetup.setupinventoryitems", "pk": 25, "fields": {"inventory_code": "ST0022", "inventory_name": "Brown envelop (medium)", "description": "", "inventory_category_code": 2}}, {"model": "smartsetup.setupinventoryitems", "pk": 26, "fields": {"inventory_code": "ST0023", "inventory_name": "File tags", "description": "", "inventory_category_code": 2}}, {"model": "smartsetup.setupinventoryitems", "pk": 27, "fields": {"inventory_code": "ST0024", "inventory_name": "Tippex correction fluid", "description": "", "inventory_category_code": 2}}, {"model": "smartsetup.setupinventoryitems", "pk": 28, "fields": {"inventory_code": "ST0025", "inventory_name": "Tick eraser", "description": "", "inventory_category_code": 2}}, {"model": "smartsetup.setupinventoryitems", "pk": 29, "fields": {"inventory_code": "ST0026", "inventory_name": "Cellotape", "description": "", "inventory_category_code": 2}}, {"model": "smartsetup.setupinventoryitems", "pk": 30, "fields": {"inventory_code": "ST0027", "inventory_name": "Carbon paper (two sides)", "description": "", "inventory_category_code": 2}}, {"model": "smartsetup.setupinventoryitems", "pk": 31, "fields": {"inventory_code": "ST0028", "inventory_name": "Perforator  (heavy duty punch)", "description": "", "inventory_category_code": 2}}, {"model": "smartsetup.setupinventoryitems", "pk": 32, "fields": {"inventory_code": "ST0029", "inventory_name": "Top Gum", "description": "", "inventory_category_code": 2}}, {"model": "smartsetup.setupinventoryitems", "pk": 33, "fields": {"inventory_code": "ST0030", "inventory_name": "83A", "description": "", "inventory_category_code": 2}}, {"model": "smartsetup.setupinventoryitems", "pk": 34, "fields": {"inventory_code": "ST0031", "inventory_name": "12A", "description": "", "inventory_category_code": 2}}, {"model": "smartsetup.setupinventoryitems", "pk": 35, "fields": {"inventory_code": "ST0032", "inventory_name": "35A", "description": "", "inventory_category_code": 2}}, {"model": "smartsetup.setupinventoryitems", "pk": 36, "fields": {"inventory_code": "ST0033", "inventory_name": "53A", "description": "", "inventory_category_code": 2}}, {"model": "smartsetup.setupinventoryitems", "pk": 37, "fields": {"inventory_code": "ST0034", "inventory_name": "Black ink sharp AR2025D", "description": "", "inventory_category_code": 2}}, {"model": "smartsetup.setupinventoryitems", "pk": 38, "fields": {"inventory_code": "ST0035", "inventory_name": "Black ink sharp AR-200", "description": "", "inventory_category_code": 2}}, {"model": "smartsetup.setupinventoryitems", "pk": 39, "fields": {"inventory_code": "ST0036", "inventory_name": "Long brown envelop (A4 size)", "description": "", "inventory_category_code": 2}}, {"model": "smartsetup.setupinventoryitems", "pk": 40, "fields": {"inventory_code": "ST0037", "inventory_name": "Hard cover note", "description": "", "inventory_category_code": 2}}, {"model": "smartsetup.setupinventoryitems", "pk": 41, "fields": {"inventory_code": "ST0038", "inventory_name": "Requisition booklet", "description": "", "inventory_category_code": 2}}, {"model": "smartsetup.setupinventoryitems", "pk": 42, "fields": {"inventory_code": "ST0039", "inventory_name": "Correction pen", "description": "", "inventory_category_code": 2}}, {"model": "smartsetup.generalledger", "pk": 1, "fields": {"date": "2019-11-25T16:36:27Z", "ref_number": 1028, "journal_type": "CRJ", "account_id": 39, "sub_category": 21, "category": null, "description": "Test Client Four", "debit": 0.0, "credit": 100500.0, "main_Trans": true}}, {"model": "smartsetup.generalledger", "pk": 7, "fields": {"date": "2019-11-25T09:11:18Z", "ref_number": 1028, "journal_type": "CRJ", "account_id": 21, "sub_category": 43, "category": null, "description": "New test record One", "debit": 15000.0, "credit": 0.0, "main_Trans": false}}, {"model": "smartsetup.generalledger", "pk": 8, "fields": {"date": "2019-11-25T09:16:15Z", "ref_number": 1028, "journal_type": "CRJ", "account_id": 23, "sub_category": 1, "category": null, "description": "New test record One", "debit": 35000.0, "credit": 0.0, "main_Trans": false}}, {"model": "smartsetup.generalledger", "pk": 9, "fields": {"date": "2019-11-25T10:18:35Z", "ref_number": 1028, "journal_type": "CRJ", "account_id": 33, "sub_category": 7, "category": null, "description": "Another New test record Two", "debit": 43000.0, "credit": 0.0, "main_Trans": false}}, {"model": "smartsetup.generalledger", "pk": 13, "fields": {"date": "2019-11-25T16:36:27Z", "ref_number": 1028, "journal_type": "CRJ", "account_id": 20, "sub_category": 43, "category": null, "description": "Final test record", "debit": 7500.0, "credit": 0.0, "main_Trans": false}}, {"model": "smartsetup.generalledger", "pk": 14, "fields": {"date": "2019-11-29T15:36:07Z", "ref_number": 1001, "journal_type": "CDJ", "account_id": 42, "sub_category": 21, "category": null, "description": "Mathew Omololu", "debit": 0.0, "credit": 0.0, "main_Trans": true}}, {"model": "smartsetup.generalledger", "pk": 17, "fields": {"date": "2019-12-01T03:22:48Z", "ref_number": 1001, "journal_type": "CDJ", "account_id": 38, "sub_category": 21, "category": null, "description": "Luqman Shofuleji", "debit": 0.0, "credit": 9000.0, "main_Trans": true}}, {"model": "smartsetup.generalledger", "pk": 18, "fields": {"date": "2019-12-01T03:22:48Z", "ref_number": 1001, "journal_type": "CDJ", "account_id": 38, "sub_category": 13, "category": null, "description": "Entertainment of guest", "debit": 9000.0, "credit": 0.0, "main_Trans": false}}, {"model": "smartsetup.generalledger", "pk": 19, "fields": {"date": "2019-12-01T03:56:57Z", "ref_number": 1002, "journal_type": "CDJ", "account_id": 78, "sub_category": 21, "category": null, "description": "Mathew Omololu", "debit": 0.0, "credit": 159000.0, "main_Trans": true}}, {"model": "smartsetup.generalledger", "pk": 20, "fields": {"date": "2019-12-01T03:56:57Z", "ref_number": 1002, "journal_type": "CDJ", "account_id": 38, "sub_category": 19, "category": null, "description": "Training of staffs", "debit": 150000.0, "credit": 0.0, "main_Trans": false}}, {"model": "smartsetup.generalledger", "pk": 21, "fields": {"date": "2019-12-01T03:56:57Z", "ref_number": 1002, "journal_type": "CDJ", "account_id": 38, "sub_category": 19, "category": null, "description": "Purchase of diesel for generator", "debit": 9000.0, "credit": 0.0, "main_Trans": false}}, {"model": "smartsetup.generalledger", "pk": 22, "fields": {"date": "2019-12-01T06:56:06Z", "ref_number": 1029, "journal_type": "CRJ", "account_id": 38, "sub_category": 21, "category": null, "description": "Test Receipt transaction", "debit": 50000.0, "credit": 0.0, "main_Trans": true}}, {"model": "smartsetup.generalledger", "pk": 23, "fields": {"date": "2019-12-01T06:54:06Z", "ref_number": 1029, "journal_type": "CRJ", "account_id": 46, "sub_category": 11, "category": null, "description": "Revenue received from other income", "debit": 0.0, "credit": 15000.0, "main_Trans": false}}, {"model": "smartsetup.generalledger", "pk": 24, "fields": {"date": "2019-12-01T06:56:06Z", "ref_number": 1029, "journal_type": "CRJ", "account_id": 21, "sub_category": 43, "category": null, "description": "New test record One", "debit": 0.0, "credit": 35000.0, "main_Trans": false}}, {"model": "smartsetup.generalledger", "pk": 25, "fields": {"date": "2019-12-01T17:55:31Z", "ref_number": 1030, "journal_type": "CRJ", "account_id": 38, "sub_category": 21, "category": 3, "description": "Lagos state government", "debit": 167000000.0, "credit": 0.0, "main_Trans": true}}, {"model": "smartsetup.generalledger", "pk": 27, "fields": {"date": "2019-12-01T12:58:31Z", "ref_number": 1003, "journal_type": "CDJ", "account_id": 38, "sub_category": 21, "category": null, "description": "Monthly pension", "debit": 0.0, "credit": 167000000.0, "main_Trans": true}}, {"model": "smartsetup.generalledger", "pk": 28, "fields": {"date": "2019-12-01T12:58:31Z", "ref_number": 1003, "journal_type": "CDJ", "account_id": 38, "sub_category": 13, "category": null, "description": "Monthly pension", "debit": 167000000.0, "credit": 0.0, "main_Trans": false}}, {"model": "smartsetup.generalledger", "pk": 29, "fields": {"date": "2019-12-01T17:55:31Z", "ref_number": 1030, "journal_type": "CRJ", "account_id": 93, "sub_category": 45, "category": 1, "description": "Joint account allocation committee", "debit": 0.0, "credit": 167000000.0, "main_Trans": false}}, {"model": "smartsetup.generalledger", "pk": 30, "fields": {"date": "2019-12-02T12:50:30Z", "ref_number": 1031, "journal_type": "CRJ", "account_id": 38, "sub_category": 21, "category": 3, "description": "Sample record", "debit": 100000.0, "credit": 0.0, "main_Trans": true}}, {"model": "smartsetup.generalledger", "pk": 31, "fields": {"date": "2019-12-02T12:50:30Z", "ref_number": 1031, "journal_type": "CRJ", "account_id": 93, "sub_category": 45, "category": 1, "description": "Joint account allocation", "debit": 0.0, "credit": 100000.0, "main_Trans": false}}, {"model": "smartsetup.receiptmain", "pk": 24, "fields": {"date": "2019-11-11T11:58:39Z", "receipt_number": 1022, "client": 2, "bill_to": "Test Client Two", "description": "", "cash_account": 21, "Debit_account": 40, "pay_mode": "Cheque", "total_amount": 0.0}}, {"model": "smartsetup.receiptmain", "pk": 25, "fields": {"date": "2019-11-11T12:05:17Z", "receipt_number": 1023, "client": 2, "bill_to": "Test Client Two", "description": "", "cash_account": 21, "Debit_account": 38, "pay_mode": "Cheque", "total_amount": 0.0}}, {"model": "smartsetup.receiptmain", "pk": 26, "fields": {"date": "2019-11-11T13:42:57Z", "receipt_number": 1024, "client": 2, "bill_to": "Test Client Two", "description": "", "cash_account": 21, "Debit_account": 38, "pay_mode": "Cheque", "total_amount": 0.0}}, {"model": "smartsetup.receiptmain", "pk": 27, "fields": {"date": "2019-11-11T13:48:40Z", "receipt_number": 1025, "client": 1, "bill_to": "Test Client One", "description": "", "cash_account": 21, "Debit_account": 39, "pay_mode": "Cheque", "total_amount": 0.0}}, {"model": "smartsetup.receiptmain", "pk": 28, "fields": {"date": "2019-11-13T01:50:54Z", "receipt_number": 1026, "client": 4, "bill_to": "Test Client Three", "description": "", "cash_account": 21, "Debit_account": 39, "pay_mode": "Cheque", "total_amount": 0.0}}, {"model": "smartsetup.receiptmain", "pk": 30, "fields": {"date": "2019-11-20T18:36:08Z", "receipt_number": 1027, "client": 4, "bill_to": "Test Client Three", "description": "", "cash_account": 21, "Debit_account": 38, "pay_mode": "Cheque", "total_amount": 0.0}}, {"model": "smartsetup.receiptmain", "pk": 31, "fields": {"date": "2019-11-25T16:36:27Z", "receipt_number": 1028, "client": null, "bill_to": "Test Client Four", "description": "", "cash_account": 21, "Debit_account": 39, "pay_mode": "Cheque", "total_amount": 0.0}}, {"model": "smartsetup.receiptmain", "pk": 33, "fields": {"date": "2019-12-01T06:56:06Z", "receipt_number": 1029, "client": 1, "bill_to": "Test Receipt transaction", "description": "", "cash_account": 21, "Debit_account": 38, "pay_mode": "Cheque", "total_amount": 0.0}}, {"model": "smartsetup.receiptmain", "pk": 34, "fields": {"date": "2019-12-01T17:55:31Z", "receipt_number": 1030, "client": 1, "bill_to": "Lagos state government", "description": "", "cash_account": 21, "Debit_account": 38, "pay_mode": "Cheque", "total_amount": 0.0}}, {"model": "smartsetup.receiptmain", "pk": 35, "fields": {"date": "2019-12-02T12:50:30Z", "receipt_number": 1031, "client": 1, "bill_to": "Sample record", "description": "", "cash_account": 21, "Debit_account": 38, "pay_mode": "Cheque", "total_amount": 0.0}}, {"model": "smartsetup.receiptdetails", "pk": 7, "fields": {"quantity": 1, "description": "Software developer", "revenue_account": 8, "credit_account": 35, "unit_price": 0.0, "amount": 9000.0, "receipt_main_id": 24}}, {"model": "smartsetup.receiptdetails", "pk": 8, "fields": {"quantity": 1, "description": "New test record", "revenue_account": 1, "credit_account": 24, "unit_price": 0.0, "amount": 78000.0, "receipt_main_id": 25}}, {"model": "smartsetup.receiptdetails", "pk": 9, "fields": {"quantity": 1, "description": "Engineer", "revenue_account": 9, "credit_account": 36, "unit_price": 0.0, "amount": 23000.0, "receipt_main_id": 26}}, {"model": "smartsetup.receiptdetails", "pk": 10, "fields": {"quantity": 1, "description": "Software developer", "revenue_account": 3, "credit_account": 18, "unit_price": 0.0, "amount": 15000.0, "receipt_main_id": 27}}, {"model": "smartsetup.receiptdetails", "pk": 11, "fields": {"quantity": 1, "description": "New test record", "revenue_account": 1, "credit_account": 24, "unit_price": 0.0, "amount": 7500.0, "receipt_main_id": 27}}, {"model": "smartsetup.receiptdetails", "pk": 12, "fields": {"quantity": 1, "description": "hhshhshshs", "revenue_account": 1, "credit_account": 24, "unit_price": 0.0, "amount": 9000.0, "receipt_main_id": 27}}, {"model": "smartsetup.receiptdetails", "pk": 14, "fields": {"quantity": 1, "description": "Other related transactions", "revenue_account": 43, "credit_account": 21, "unit_price": 0.0, "amount": 15000.0, "receipt_main_id": 28}}, {"model": "smartsetup.receiptdetails", "pk": 15, "fields": {"quantity": 1, "description": "New test record One", "revenue_account": 1, "credit_account": 25, "unit_price": 0.0, "amount": 35000.0, "receipt_main_id": 30}}, {"model": "smartsetup.receiptdetails", "pk": 16, "fields": {"quantity": 1, "description": "New test record Two", "revenue_account": 43, "credit_account": 21, "unit_price": 0.0, "amount": 22000.0, "receipt_main_id": 30}}, {"model": "smartsetup.receiptdetails", "pk": 22, "fields": {"quantity": 1, "description": "New test record One", "revenue_account": 43, "credit_account": 21, "unit_price": 0.0, "amount": 15000.0, "receipt_main_id": 31}}, {"model": "smartsetup.receiptdetails", "pk": 23, "fields": {"quantity": 1, "description": "New test record One", "revenue_account": 1, "credit_account": 23, "unit_price": 0.0, "amount": 35000.0, "receipt_main_id": 31}}, {"model": "smartsetup.receiptdetails", "pk": 24, "fields": {"quantity": 1, "description": "Another New test record Two", "revenue_account": 7, "credit_account": 33, "unit_price": 0.0, "amount": 43000.0, "receipt_main_id": 31}}, {"model": "smartsetup.receiptdetails", "pk": 28, "fields": {"quantity": 1, "description": "Final test record", "revenue_account": 43, "credit_account": 20, "unit_price": 0.0, "amount": 7500.0, "receipt_main_id": 31}}, {"model": "smartsetup.receiptdetails", "pk": 29, "fields": {"quantity": 1, "description": "Revenue received from other income", "revenue_account": 11, "credit_account": 46, "unit_price": 0.0, "amount": 15000.0, "receipt_main_id": 33}}, {"model": "smartsetup.receiptdetails", "pk": 30, "fields": {"quantity": 1, "description": "New test record One", "revenue_account": 43, "credit_account": 21, "unit_price": 0.0, "amount": 35000.0, "receipt_main_id": 33}}, {"model": "smartsetup.receiptdetails", "pk": 32, "fields": {"quantity": 1, "description": "Joint account allocation committee", "revenue_account": 45, "credit_account": 93, "unit_price": 0.0, "amount": 167000000.0, "receipt_main_id": 34}}, {"model": "smartsetup.receiptdetails", "pk": 33, "fields": {"quantity": 1, "description": "Joint account allocation", "revenue_account": 45, "credit_account": 93, "unit_price": 0.0, "amount": 100000.0, "receipt_main_id": 35}}, {"model": "smartsetup.expensemain", "pk": 2, "fields": {"date": "2019-12-01T03:22:48Z", "voucher_number": 1001, "payee": 1, "description": "Luqman Shofuleji", "cash_account": 21, "credit_account": 38, "pay_mode": "Cheque", "total_amount": 0.0}}, {"model": "smartsetup.expensemain", "pk": 3, "fields": {"date": "2019-12-01T03:56:57Z", "voucher_number": 1002, "payee": 4, "description": "Mathew Omololu", "cash_account": 21, "credit_account": 78, "pay_mode": "Cheque", "total_amount": 0.0}}, {"model": "smartsetup.expensemain", "pk": 4, "fields": {"date": "2019-12-01T12:58:31Z", "voucher_number": 1003, "payee": 4, "description": "Monthly pension", "cash_account": 21, "credit_account": 38, "pay_mode": "Cheque", "total_amount": 0.0}}, {"model": "smartsetup.expensedetails", "pk": 4, "fields": {"quantity": 1, "description": "Entertainment of guest", "expense_account": 13, "Debit_account": 38, "unit_price": 0.0, "amount": 9000.0, "expense_main_id": 2}}, {"model": "smartsetup.expensedetails", "pk": 5, "fields": {"quantity": 1, "description": "Training of staffs", "expense_account": 19, "Debit_account": 38, "unit_price": 0.0, "amount": 150000.0, "expense_main_id": 3}}, {"model": "smartsetup.expensedetails", "pk": 6, "fields": {"quantity": 1, "description": "Purchase of diesel for generator", "expense_account": 19, "Debit_account": 38, "unit_price": 0.0, "amount": 9000.0, "expense_main_id": 3}}, {"model": "smartsetup.expensedetails", "pk": 7, "fields": {"quantity": 1, "description": "Monthly pension", "expense_account": 13, "Debit_account": 38, "unit_price": 0.0, "amount": 167000000.0, "expense_main_id": 4}}, {"model": "auth.permission", "pk": 1, "fields": {"name": "Can add log entry", "content_type": 1, "codename": "add_logentry"}}, {"model": "auth.permission", "pk": 2, "fields": {"name": "Can change log entry", "content_type": 1, "codename": "change_logentry"}}, {"model": "auth.permission", "pk": 3, "fields": {"name": "Can delete log entry", "content_type": 1, "codename": "delete_logentry"}}, {"model": "auth.permission", "pk": 4, "fields": {"name": "Can view log entry", "content_type": 1, "codename": "view_logentry"}}, {"model": "auth.permission", "pk": 5, "fields": {"name": "Can add permission", "content_type": 2, "codename": "add_permission"}}, {"model": "auth.permission", "pk": 6, "fields": {"name": "Can change permission", "content_type": 2, "codename": "change_permission"}}, {"model": "auth.permission", "pk": 7, "fields": {"name": "Can delete permission", "content_type": 2, "codename": "delete_permission"}}, {"model": "auth.permission", "pk": 8, "fields": {"name": "Can view permission", "content_type": 2, "codename": "view_permission"}}, {"model": "auth.permission", "pk": 9, "fields": {"name": "Can add group", "content_type": 3, "codename": "add_group"}}, {"model": "auth.permission", "pk": 10, "fields": {"name": "Can change group", "content_type": 3, "codename": "change_group"}}, {"model": "auth.permission", "pk": 11, "fields": {"name": "Can delete group", "content_type": 3, "codename": "delete_group"}}, {"model": "auth.permission", "pk": 12, "fields": {"name": "Can view group", "content_type": 3, "codename": "view_group"}}, {"model": "auth.permission", "pk": 13, "fields": {"name": "Can add user", "content_type": 4, "codename": "add_user"}}, {"model": "auth.permission", "pk": 14, "fields": {"name": "Can change user", "content_type": 4, "codename": "change_user"}}, {"model": "auth.permission", "pk": 15, "fields": {"name": "Can delete user", "content_type": 4, "codename": "delete_user"}}, {"model": "auth.permission", "pk": 16, "fields": {"name": "Can view user", "content_type": 4, "codename": "view_user"}}, {"model": "auth.permission", "pk": 17, "fields": {"name": "Can add content type", "content_type": 5, "codename": "add_contenttype"}}, {"model": "auth.permission", "pk": 18, "fields": {"name": "Can change content type", "content_type": 5, "codename": "change_contenttype"}}, {"model": "auth.permission", "pk": 19, "fields": {"name": "Can delete content type", "content_type": 5, "codename": "delete_contenttype"}}, {"model": "auth.permission", "pk": 20, "fields": {"name": "Can view content type", "content_type": 5, "codename": "view_contenttype"}}, {"model": "auth.permission", "pk": 21, "fields": {"name": "Can add session", "content_type": 6, "codename": "add_session"}}, {"model": "auth.permission", "pk": 22, "fields": {"name": "Can change session", "content_type": 6, "codename": "change_session"}}, {"model": "auth.permission", "pk": 23, "fields": {"name": "Can delete session", "content_type": 6, "codename": "delete_session"}}, {"model": "auth.permission", "pk": 24, "fields": {"name": "Can view session", "content_type": 6, "codename": "view_session"}}, {"model": "auth.permission", "pk": 25, "fields": {"name": "Can add chart category", "content_type": 7, "codename": "add_chartcategory"}}, {"model": "auth.permission", "pk": 26, "fields": {"name": "Can change chart category", "content_type": 7, "codename": "change_chartcategory"}}, {"model": "auth.permission", "pk": 27, "fields": {"name": "Can delete chart category", "content_type": 7, "codename": "delete_chartcategory"}}, {"model": "auth.permission", "pk": 28, "fields": {"name": "Can view chart category", "content_type": 7, "codename": "view_chartcategory"}}, {"model": "auth.permission", "pk": 29, "fields": {"name": "Can add user profile", "content_type": 8, "codename": "add_userprofile"}}, {"model": "auth.permission", "pk": 30, "fields": {"name": "Can change user profile", "content_type": 8, "codename": "change_userprofile"}}, {"model": "auth.permission", "pk": 31, "fields": {"name": "Can delete user profile", "content_type": 8, "codename": "delete_userprofile"}}, {"model": "auth.permission", "pk": 32, "fields": {"name": "Can view user profile", "content_type": 8, "codename": "view_userprofile"}}, {"model": "auth.permission", "pk": 33, "fields": {"name": "Can add chart sub category", "content_type": 9, "codename": "add_chartsubcategory"}}, {"model": "auth.permission", "pk": 34, "fields": {"name": "Can change chart sub category", "content_type": 9, "codename": "change_chartsubcategory"}}, {"model": "auth.permission", "pk": 35, "fields": {"name": "Can delete chart sub category", "content_type": 9, "codename": "delete_chartsubcategory"}}, {"model": "auth.permission", "pk": 36, "fields": {"name": "Can view chart sub category", "content_type": 9, "codename": "view_chartsubcategory"}}, {"model": "auth.permission", "pk": 37, "fields": {"name": "Can add setup clients", "content_type": 10, "codename": "add_setupclients"}}, {"model": "auth.permission", "pk": 38, "fields": {"name": "Can change setup clients", "content_type": 10, "codename": "change_setupclients"}}, {"model": "auth.permission", "pk": 39, "fields": {"name": "Can delete setup clients", "content_type": 10, "codename": "delete_setupclients"}}, {"model": "auth.permission", "pk": 40, "fields": {"name": "Can view setup clients", "content_type": 10, "codename": "view_setupclients"}}, {"model": "auth.permission", "pk": 41, "fields": {"name": "Can add setup vendors", "content_type": 11, "codename": "add_setupvendors"}}, {"model": "auth.permission", "pk": 42, "fields": {"name": "Can change setup vendors", "content_type": 11, "codename": "change_setupvendors"}}, {"model": "auth.permission", "pk": 43, "fields": {"name": "Can delete setup vendors", "content_type": 11, "codename": "delete_setupvendors"}}, {"model": "auth.permission", "pk": 44, "fields": {"name": "Can view setup vendors", "content_type": 11, "codename": "view_setupvendors"}}, {"model": "auth.permission", "pk": 45, "fields": {"name": "Can add setup inventory category", "content_type": 12, "codename": "add_setupinventorycategory"}}, {"model": "auth.permission", "pk": 46, "fields": {"name": "Can change setup inventory category", "content_type": 12, "codename": "change_setupinventorycategory"}}, {"model": "auth.permission", "pk": 47, "fields": {"name": "Can delete setup inventory category", "content_type": 12, "codename": "delete_setupinventorycategory"}}, {"model": "auth.permission", "pk": 48, "fields": {"name": "Can view setup inventory category", "content_type": 12, "codename": "view_setupinventorycategory"}}, {"model": "auth.permission", "pk": 49, "fields": {"name": "Can add setup inventory items", "content_type": 13, "codename": "add_setupinventoryitems"}}, {"model": "auth.permission", "pk": 50, "fields": {"name": "Can change setup inventory items", "content_type": 13, "codename": "change_setupinventoryitems"}}, {"model": "auth.permission", "pk": 51, "fields": {"name": "Can delete setup inventory items", "content_type": 13, "codename": "delete_setupinventoryitems"}}, {"model": "auth.permission", "pk": 52, "fields": {"name": "Can view setup inventory items", "content_type": 13, "codename": "view_setupinventoryitems"}}, {"model": "auth.permission", "pk": 53, "fields": {"name": "Can add receipt details", "content_type": 14, "codename": "add_receiptdetails"}}, {"model": "auth.permission", "pk": 54, "fields": {"name": "Can change receipt details", "content_type": 14, "codename": "change_receiptdetails"}}, {"model": "auth.permission", "pk": 55, "fields": {"name": "Can delete receipt details", "content_type": 14, "codename": "delete_receiptdetails"}}, {"model": "auth.permission", "pk": 56, "fields": {"name": "Can view receipt details", "content_type": 14, "codename": "view_receiptdetails"}}, {"model": "auth.permission", "pk": 57, "fields": {"name": "Can add receipt main", "content_type": 15, "codename": "add_receiptmain"}}, {"model": "auth.permission", "pk": 58, "fields": {"name": "Can change receipt main", "content_type": 15, "codename": "change_receiptmain"}}, {"model": "auth.permission", "pk": 59, "fields": {"name": "Can delete receipt main", "content_type": 15, "codename": "delete_receiptmain"}}, {"model": "auth.permission", "pk": 60, "fields": {"name": "Can view receipt main", "content_type": 15, "codename": "view_receiptmain"}}, {"model": "auth.permission", "pk": 61, "fields": {"name": "Can add expense main", "content_type": 16, "codename": "add_expensemain"}}, {"model": "auth.permission", "pk": 62, "fields": {"name": "Can change expense main", "content_type": 16, "codename": "change_expensemain"}}, {"model": "auth.permission", "pk": 63, "fields": {"name": "Can delete expense main", "content_type": 16, "codename": "delete_expensemain"}}, {"model": "auth.permission", "pk": 64, "fields": {"name": "Can view expense main", "content_type": 16, "codename": "view_expensemain"}}, {"model": "auth.permission", "pk": 65, "fields": {"name": "Can add expense details", "content_type": 17, "codename": "add_expensedetails"}}, {"model": "auth.permission", "pk": 66, "fields": {"name": "Can change expense details", "content_type": 17, "codename": "change_expensedetails"}}, {"model": "auth.permission", "pk": 67, "fields": {"name": "Can delete expense details", "content_type": 17, "codename": "delete_expensedetails"}}, {"model": "auth.permission", "pk": 68, "fields": {"name": "Can view expense details", "content_type": 17, "codename": "view_expensedetails"}}, {"model": "auth.permission", "pk": 69, "fields": {"name": "Can add g journal main", "content_type": 18, "codename": "add_gjournalmain"}}, {"model": "auth.permission", "pk": 70, "fields": {"name": "Can change g journal main", "content_type": 18, "codename": "change_gjournalmain"}}, {"model": "auth.permission", "pk": 71, "fields": {"name": "Can delete g journal main", "content_type": 18, "codename": "delete_gjournalmain"}}, {"model": "auth.permission", "pk": 72, "fields": {"name": "Can view g journal main", "content_type": 18, "codename": "view_gjournalmain"}}, {"model": "auth.permission", "pk": 73, "fields": {"name": "Can add g journal details", "content_type": 19, "codename": "add_gjournaldetails"}}, {"model": "auth.permission", "pk": 74, "fields": {"name": "Can change g journal details", "content_type": 19, "codename": "change_gjournaldetails"}}, {"model": "auth.permission", "pk": 75, "fields": {"name": "Can delete g journal details", "content_type": 19, "codename": "delete_gjournaldetails"}}, {"model": "auth.permission", "pk": 76, "fields": {"name": "Can view g journal details", "content_type": 19, "codename": "view_gjournaldetails"}}, {"model": "auth.permission", "pk": 77, "fields": {"name": "Can add chart note items", "content_type": 20, "codename": "add_chartnoteitems"}}, {"model": "auth.permission", "pk": 78, "fields": {"name": "Can change chart note items", "content_type": 20, "codename": "change_chartnoteitems"}}, {"model": "auth.permission", "pk": 79, "fields": {"name": "Can delete chart note items", "content_type": 20, "codename": "delete_chartnoteitems"}}, {"model": "auth.permission", "pk": 80, "fields": {"name": "Can view chart note items", "content_type": 20, "codename": "view_chartnoteitems"}}, {"model": "auth.permission", "pk": 81, "fields": {"name": "Can add general ledger", "content_type": 21, "codename": "add_generalledger"}}, {"model": "auth.permission", "pk": 82, "fields": {"name": "Can change general ledger", "content_type": 21, "codename": "change_generalledger"}}, {"model": "auth.permission", "pk": 83, "fields": {"name": "Can delete general ledger", "content_type": 21, "codename": "delete_generalledger"}}, {"model": "auth.permission", "pk": 84, "fields": {"name": "Can view general ledger", "content_type": 21, "codename": "view_generalledger"}}, {"model": "auth.permission", "pk": 85, "fields": {"name": "Can add employee profile", "content_type": 22, "codename": "add_employeeprofile"}}, {"model": "auth.permission", "pk": 86, "fields": {"name": "Can change employee profile", "content_type": 22, "codename": "change_employeeprofile"}}, {"model": "auth.permission", "pk": 87, "fields": {"name": "Can delete employee profile", "content_type": 22, "codename": "delete_employeeprofile"}}, {"model": "auth.permission", "pk": 88, "fields": {"name": "Can view employee profile", "content_type": 22, "codename": "view_employeeprofile"}}, {"model": "auth.permission", "pk": 89, "fields": {"name": "Can add general journal", "content_type": 23, "codename": "add_generaljournal"}}, {"model": "auth.permission", "pk": 90, "fields": {"name": "Can change general journal", "content_type": 23, "codename": "change_generaljournal"}}, {"model": "auth.permission", "pk": 91, "fields": {"name": "Can delete general journal", "content_type": 23, "codename": "delete_generaljournal"}}, {"model": "auth.permission", "pk": 92, "fields": {"name": "Can view general journal", "content_type": 23, "codename": "view_generaljournal"}}, {"model": "auth.permission", "pk": 93, "fields": {"name": "Can add general journal details", "content_type": 24, "codename": "add_generaljournaldetails"}}, {"model": "auth.permission", "pk": 94, "fields": {"name": "Can change general journal details", "content_type": 24, "codename": "change_generaljournaldetails"}}, {"model": "auth.permission", "pk": 95, "fields": {"name": "Can delete general journal details", "content_type": 24, "codename": "delete_generaljournaldetails"}}, {"model": "auth.permission", "pk": 96, "fields": {"name": "Can view general journal details", "content_type": 24, "codename": "view_generaljournaldetails"}}, {"model": "auth.user", "pk": 1, "fields": {"password": "pbkdf2_sha256$150000$N0mgR2HZbT4M$EUANAvFWz878ki47AoLFPi2LOfNwE6Lz2vkVq7u47b0=", "last_login": "2019-12-01T11:50:51.329Z", "is_superuser": true, "username": "luqman", "first_name": "Luqman", "last_name": "Shofuleji", "email": "luqmanshof@gmail.com", "is_staff": true, "is_active": true, "date_joined": "2019-09-19T04:14:39.417Z", "groups": [], "user_permissions": []}}, {"model": "auth.user", "pk": 2, "fields": {"password": "pbkdf2_sha256$150000$8YSJCsn7uxay$IoISDL6cZCzeRek7OQ1BZyuMNmaUYNR5I/qFsHvaX10=", "last_login": "2019-09-19T04:17:11.459Z", "is_superuser": false, "username": "micheal", "first_name": "micheal", "last_name": "jordan", "email": "micheal@gmail.com", "is_staff": false, "is_active": true, "date_joined": "2019-09-19T04:17:11.243Z", "groups": [], "user_permissions": []}}, {"model": "auth.user", "pk": 4, "fields": {"password": "pbkdf2_sha256$150000$kpTPrdU6VVvt$8JtxAtURv/1RC3cuJss0S4N1GdhJrOL7prK9zROmAIY=", "last_login": null, "is_superuser": false, "username": "ademola", "first_name": "Ademola", "last_name": "Joshua", "email": "ademola@gmail.com", "is_staff": false, "is_active": true, "date_joined": "2019-09-23T21:26:01.080Z", "groups": [], "user_permissions": []}}, {"model": "auth.user", "pk": 5, "fields": {"password": "pbkdf2_sha256$150000$bYVvpNsnaW8b$z83OyX2J5q0NWTNBwM0UfRiPbPWiOoe6sta6nrwDosE=", "last_login": null, "is_superuser": false, "username": "Sample", "first_name": "Smaple", "last_name": "Sample", "email": "sample@gmail.com", "is_staff": false, "is_active": true, "date_joined": "2019-09-24T14:40:53.910Z", "groups": [], "user_permissions": []}}, {"model": "auth.user", "pk": 6, "fields": {"password": "pbkdf2_sha256$150000$n3Z6YLhM5Ey9$8HunP52E99O3PAOCj6zRifp6Ui/GhBI2+7MVvVoyuIk=", "last_login": "2019-10-30T11:19:03.769Z", "is_superuser": false, "username": "Olawale", "first_name": "Olawale", "last_name": "Akanbi", "email": "waleakanbi85@gmail.com", "is_staff": false, "is_active": true, "date_joined": "2019-10-30T08:14:33.732Z", "groups": [], "user_permissions": []}}, {"model": "smartsetup.userprofile", "pk": 1, "fields": {"user": 1, "job_description": "Software Engineer", "city": "Lagos", "website": "http://www.enthralsystems.com", "phone": "+2348024745040", "image": "images/profilepix/Luqman_vnuZzZj.jpg", "signature": "images/signature/Signature_Axzs3uZ.bmp", "date_modified": "2019-09-19T05:12:00.167Z"}}, {"model": "smartsetup.userprofile", "pk": 2, "fields": {"user": 2, "job_description": "Technician", "city": "Abuja", "website": "http://www.test.com", "phone": "08067914888", "image": "", "signature": "", "date_modified": "2019-09-19T05:11:25.992Z"}}, {"model": "smartsetup.userprofile", "pk": 5, "fields": {"user": 6, "job_description": "Accountant", "city": "Lagos", "website": "https://www.google.com", "phone": "08012345678", "image": "images/profilepix/Olawale.jpg", "signature": "", "date_modified": "2019-10-30T08:16:52.144Z"}}, {"model": "smartsetup.employeeprofile", "pk": 1, "fields": {"employee_number": "EMP1001", "title": "Mr", "first_name": "Luqman", "middle_name": "Babatunde", "last_name": "Shofuleji", "nick_name": "Babs", "gender": "Male", "birthdate": "2019-11-27T20:41:19.027Z", "marital_status": "Married", "address": "No.15B, Akerele street, Oworonshoki, Lagos", "phone": "08024745040", "login_profile": 1, "email": "luqmanshof@gmail.com", "hire_date": "2019-11-27T20:41:19.027Z", "division": "Audit", "department": "Account", "position": "Staff"}}, {"model": "smartsetup.employeeprofile", "pk": 4, "fields": {"employee_number": "EMP1002", "title": "Mr", "first_name": "Mathew", "middle_name": "Akin", "last_name": "Omololu", "nick_name": "Mat", "gender": "Male", "birthdate": "2019-11-27T20:51:00.598Z", "marital_status": "Single", "address": "nill", "phone": "08024745040", "login_profile": 5, "email": "luqmanshof@gmail.com", "hire_date": "2019-11-27T20:51:00.598Z", "division": "Admin", "department": "HR", "position": "Head"}}, {"model": "smartsetup.setupclients", "pk": 1, "fields": {"client_name": "Nill", "address": "Nill", "city": "Lagos", "website": "", "phone": "08067914888", "account_officer": 5, "email": ""}}, {"model": "smartsetup.setupclients", "pk": 2, "fields": {"client_name": "Test Client", "address": "Ademola Awosanya Avenue", "city": "Lagos", "website": "https://www.google.com", "phone": "+2348024745040", "account_officer": 1, "email": ""}}, {"model": "smartsetup.setupclients", "pk": 4, "fields": {"client_name": "Test Client Three", "address": "12, sample street", "city": "Lagos", "website": "https://www.sample.com", "phone": "08024745040", "account_officer": 1, "email": ""}}, {"model": "admin.logentry", "pk": 1, "fields": {"action_time": "2019-09-19T04:19:00.821Z", "user": 1, "content_type": 8, "object_id": "1", "object_repr": "luqman", "action_flag": 1, "change_message": "[{\"added\": {}}]"}}, {"model": "admin.logentry", "pk": 2, "fields": {"action_time": "2019-09-19T05:11:25.994Z", "user": 1, "content_type": 8, "object_id": "2", "object_repr": "micheal", "action_flag": 1, "change_message": "[{\"added\": {}}]"}}, {"model": "admin.logentry", "pk": 3, "fields": {"action_time": "2019-09-23T21:24:24.882Z", "user": 1, "content_type": 4, "object_id": "3", "object_repr": "ademola", "action_flag": 3, "change_message": ""}}, {"model": "admin.logentry", "pk": 4, "fields": {"action_time": "2019-10-30T08:16:52.209Z", "user": 1, "content_type": 8, "object_id": "5", "object_repr": "Olawale", "action_flag": 1, "change_message": "[{\"added\": {}}]"}}]